M,Ri_x,Ri_y,Ri_z,Ri_kx,Ri_ky,Ri_kz,Ri_ex,Ri_ey,Ri_ez,Ri_distance,Ri_amp,Ri_status,Ri_ray_index,Ro_x,Ro_y,Ro_z,Ro_kx,Ro_ky,Ro_kz,Ro_ex,Ro_ey,Ro_ez,Ro_distance,Ro_amp,Ro_status,Ro_ray_index
C:\Users\User\PycharmProjects\mirrornet\Mirrors\parabolic.pt,38.0,-2.0,60.0,0.0,0.0,-1.0,1.0,0.0,0.0,0.0,1.0,0.0,1.0,0.0,2.8836053189706945e-07,19.99997584618289,-0.9973753273479957,0.05249344584999135,0.04986877319798744,-0.052493445849991716,-0.04986877319798711,-0.9973753273479957,80.00002444217765,1.0,0.0,1.0
C:\Users\User\PycharmProjects\mirrornet\Mirrors\parabolic.pt,38.0,-1.75,60.0,0.0,0.0,-1.0,1.0,0.0,0.0,0.0,1.0,0.0,2.0,0.0,1.6242808742461534e-07,20.000021629777386,-0.9976821933691371,0.04594589474862107,0.05019179006467511,-0.05220192313200889,-0.04364859969652668,-0.9976821933691371,79.99997865858315,1.0,0.0,2.0
C:\Users\User\PycharmProjects\mirrornet\Mirrors\parabolic.pt,38.0,-1.5,60.0,0.0,0.0,-1.0,1.0,0.0,0.0,0.0,1.0,0.0,3.0,0.0,6.217771097993818e-08,19.999992642779517,-0.997948296662368,0.039392697553781386,0.05047189879641101,-0.05194912500526183,-0.037423062406308966,-0.997948296662368,80.00000764558101,1.0,0.0,3.0
C:\Users\User\PycharmProjects\mirrornet\Mirrors\parabolic.pt,38.0,-1.25,60.0,0.0,0.0,-1.0,1.0,0.0,0.0,0.0,1.0,0.0,4.0,0.0,-1.23904204674119e-08,20.000003326588782,-0.9981735718507209,0.03283465664330555,0.05070903057533438,-0.05173511357786942,-0.03119292358627007,-0.9981735718507209,79.99999696177176,1.0,0.0,4.0
C:\Users\User\PycharmProjects\mirrornet\Mirrors\parabolic.pt,38.0,-1.0,60.0,0.0,0.0,-1.0,1.0,0.0,0.0,0.0,1.0,0.0,5.0,0.0,-6.127662721677751e-08,19.999996461227717,-0.998357963549028,0.026272576378237347,0.05090312710126699,-0.05155994146574028,-0.0249589473793961,-0.998357963549028,80.00000382713282,1.0,0.0,5.0
C:\Users\User\PycharmProjects\mirrornet\Mirrors\parabolic.pt,38.0,-0.75,60.0,0.0,0.0,-1.0,1.0,0.0,0.0,0.0,1.0,0.0,6.0,0.0,-8.448055344167926e-08,20.000029267636858,-0.9985014263979337,0.019707262774855187,0.05105414062751934,-0.05142365176026209,-0.018721899501146014,-0.9985014263979337,79.99997102072366,1.0,0.0,6.0
C:\Users\User\PycharmProjects\mirrornet\Mirrors\parabolic.pt,38.0,-0.5,60.0,0.0,0.0,-1.0,1.0,0.0,0.0,0.0,1.0,0.0,7.0,0.0,-8.200255463552963e-08,19.999987305379797,-0.9986039250917802,0.013139523175205715,0.051162033990240774,-0.05132627800180989,-0.012482546926458586,-0.9986039250917802,80.00001298298072,1.0,0.0,7.0
C:\Users\User\PycharmProjects\mirrornet\Mirrors\parabolic.pt,38.0,-0.25,60.0,0.0,0.0,-1.0,1.0,0.0,0.0,0.0,1.0,0.0,8.0,0.0,-5.384231102634196e-08,19.999985015856016,-0.9986654344003218,0.0065701659165690925,0.05122678063127761,-0.05126784415911645,-0.006241657575744448,-0.9986654344003218,80.0000152725045,1.0,0.0,8.0
C:\Users\User\PycharmProjects\mirrornet\Mirrors\parabolic.pt,38.0,0.0,60.0,0.0,0.0,-1.0,1.0,0.0,0.0,0.0,1.0,0.0,9.0,0.0,-1.981612418563223e-16,20.000022399547074,-0.9986859391842549,-5.207916998242093e-18,0.051248364614520536,-0.051248364614520536,4.947521112663245e-18,-0.9986859391842549,79.99997788881343,1.0,0.0,9.0
C:\Users\User\PycharmProjects\mirrornet\Mirrors\parabolic.pt,38.0,0.25,60.0,0.0,0.0,-1.0,1.0,0.0,0.0,0.0,1.0,0.0,10.0,0.0,5.384231069327505e-08,19.999985015856016,-0.9986654344003218,-0.006570165916569101,0.05122678063127761,-0.05126784415911645,0.006241657575744457,-0.9986654344003218,80.0000152725045,1.0,0.0,10.0
C:\Users\User\PycharmProjects\mirrornet\Mirrors\parabolic.pt,38.0,0.5,60.0,0.0,0.0,-1.0,1.0,0.0,0.0,0.0,1.0,0.0,11.0,0.0,8.200255446899618e-08,19.999987305379797,-0.9986039250917802,-0.013139523175205718,0.051162033990240774,-0.05132627800180989,0.012482546926458591,-0.9986039250917802,80.00001298298072,1.0,0.0,11.0
C:\Users\User\PycharmProjects\mirrornet\Mirrors\parabolic.pt,38.0,0.75,60.0,0.0,0.0,-1.0,1.0,0.0,0.0,0.0,1.0,0.0,12.0,0.0,8.448055333065696e-08,20.000029267636858,-0.9985014263979337,-0.01970726277485519,0.05105414062751934,-0.05142365176026209,0.018721899501146014,-0.9985014263979337,79.99997102072366,1.0,0.0,12.0
C:\Users\User\PycharmProjects\mirrornet\Mirrors\parabolic.pt,38.0,1.0,60.0,0.0,0.0,-1.0,1.0,0.0,0.0,0.0,1.0,0.0,13.0,0.0,6.127662699473291e-08,19.999996461227717,-0.998357963549028,-0.026272576378237354,0.05090312710126699,-0.05155994146574028,0.024958947379396103,-0.998357963549028,80.00000382713282,1.0,0.0,13.0
C:\Users\User\PycharmProjects\mirrornet\Mirrors\parabolic.pt,38.0,1.25,60.0,0.0,0.0,-1.0,1.0,0.0,0.0,0.0,1.0,0.0,14.0,0.0,1.23904204674119e-08,20.000003326588782,-0.9981735718507209,-0.03283465664330555,0.05070903057533438,-0.05173511357786942,0.03119292358627007,-0.9981735718507209,79.99999696177176,1.0,0.0,14.0
C:\Users\User\PycharmProjects\mirrornet\Mirrors\parabolic.pt,38.0,1.5,60.0,0.0,0.0,-1.0,1.0,0.0,0.0,0.0,1.0,0.0,15.0,0.0,-6.217771097993818e-08,19.999992642779517,-0.997948296662368,-0.039392697553781386,0.05047189879641101,-0.05194912500526183,0.037423062406308966,-0.997948296662368,80.00000764558101,1.0,0.0,15.0
C:\Users\User\PycharmProjects\mirrornet\Mirrors\parabolic.pt,38.0,1.75,60.0,0.0,0.0,-1.0,1.0,0.0,0.0,0.0,1.0,0.0,16.0,0.0,-1.6242808720257074e-07,20.000021629777386,-0.9976821933691371,-0.04594589474862106,0.05019179006467511,-0.05220192313200889,0.043648599696526666,-0.9976821933691371,79.99997865858315,1.0,0.0,16.0
C:\Users\User\PycharmProjects\mirrornet\Mirrors\parabolic.pt,38.25,-2.0,60.0,0.0,0.0,-1.0,1.0,0.0,0.0,0.0,1.0,0.0,17.0,0.0,2.817758293360839e-07,20.000017683676724,-0.9976973075560147,0.052167186829778195,0.04334359368748553,-0.045951953386244804,-0.049884872210593206,-0.9976973075560147,79.99998247298976,1.0,0.0,17.0
C:\Users\User\PycharmProjects\mirrornet\Mirrors\parabolic.pt,38.25,-1.75,60.0,0.0,0.0,-1.0,1.0,0.0,0.0,0.0,1.0,0.0,18.0,0.0,1.5666647357193142e-07,20.00000624677366,-0.9980023641989374,0.0456602429725922,0.04366260717152981,-0.045660242972592524,-0.04366260717152961,-0.9980023641989374,79.99999390989282,1.0,0.0,18.0
C:\Users\User\PycharmProjects\mirrornet\Mirrors\parabolic.pt,38.25,-1.5,60.0,0.0,0.0,-1.0,1.0,0.0,0.0,0.0,1.0,0.0,19.0,0.0,5.723925555756182e-08,19.99997725974235,-0.9982668975192477,0.03914772296520067,0.043939243324571775,-0.04540728298603658,-0.037435009938852855,-0.9982668975192477,80.00002289692414,1.0,0.0,19.0
C:\Users\User\PycharmProjects\mirrornet\Mirrors\parabolic.pt,38.25,-1.25,60.0,0.0,0.0,-1.0,1.0,0.0,0.0,0.0,1.0,0.0,20.0,0.0,-1.650593040025683e-08,19.99998794352332,-0.9984908429291626,0.03263041927269105,0.044173434603831385,-0.045193135188644096,-0.031202838307299845,-0.9984908429291626,80.00001221314317,1.0,0.0,20.0
C:\Users\User\PycharmProjects\mirrornet\Mirrors\parabolic.pt,38.25,-1.0,60.0,0.0,0.0,-1.0,1.0,0.0,0.0,0.0,1.0,0.0,21.0,0.0,-6.45689074429967e-08,19.999981078139108,-0.9986741457125144,0.026109126306646167,0.04436512378978663,-0.04501785190275032,-0.02496685193294368,-0.9986741457125144,80.00001907852737,1.0,0.0,21.0
C:\Users\User\PycharmProjects\mirrornet\Mirrors\parabolic.pt,38.25,-0.75,60.0,0.0,0.0,-1.0,1.0,0.0,0.0,0.0,1.0,0.0,22.0,0.0,-8.694988840041162e-08,20.00001388453024,-0.9988167610581477,0.019584640103179212,0.044514264021097816,-0.044881475979022256,-0.018727812025314622,-0.9988167610581477,79.99998627213623,1.0,0.0,22.0
C:\Users\User\PycharmProjects\mirrornet\Mirrors\parabolic.pt,38.25,-0.5,60.0,0.0,0.0,-1.0,1.0,0.0,0.0,0.0,1.0,0.0,23.0,0.0,-8.364865955456935e-08,20.000029142719306,-0.9989186540872924,0.01305775799961934,0.0446208188232351,-0.044784040770284195,-0.012486481038230674,-0.9989186540872924,79.99997101394715,1.0,0.0,23.0
C:\Users\User\PycharmProjects\mirrornet\Mirrors\parabolic.pt,38.25,-0.25,60.0,0.0,0.0,-1.0,1.0,0.0,0.0,0.0,1.0,0.0,24.0,0.0,-5.4665398957487454e-08,19.999969632728828,-0.9989797998748855,0.006529278310041622,0.04468476213077244,-0.0447255701111271,-0.006243622359523147,-0.9989797998748855,80.00003052393762,1.0,0.0,24.0
C:\Users\User\PycharmProjects\mirrornet\Mirrors\parabolic.pt,38.25,0.0,60.0,0.0,0.0,-1.0,1.0,0.0,0.0,0.0,1.0,0.0,25.0,0.0,-1.8796766321676834e-16,20.00000701641731,-0.9990001834648162,-4.909273987947827e-18,0.0447060783033324,-0.044706078303332286,4.694493232588369e-18,-0.9990001834648162,79.99999314024915,1.0,0.0,25.0
C:\Users\User\PycharmProjects\mirrornet\Mirrors\parabolic.pt,38.25,0.25,60.0,0.0,0.0,-1.0,1.0,0.0,0.0,0.0,1.0,0.0,26.0,0.0,5.46653986799317e-08,19.999969632728828,-0.9989797998748855,-0.00652927831004163,0.04468476213077244,-0.0447255701111271,0.006243622359523155,-0.9989797998748855,80.00003052393762,1.0,0.0,26.0
C:\Users\User\PycharmProjects\mirrornet\Mirrors\parabolic.pt,38.25,0.5,60.0,0.0,0.0,-1.0,1.0,0.0,0.0,0.0,1.0,0.0,27.0,0.0,8.364865927701359e-08,20.000029142719306,-0.9989186540872924,-0.013057757999619347,0.0446208188232351,-0.044784040770284195,0.012486481038230681,-0.9989186540872924,79.99997101394715,1.0,0.0,27.0
C:\Users\User\PycharmProjects\mirrornet\Mirrors\parabolic.pt,38.25,0.75,60.0,0.0,0.0,-1.0,1.0,0.0,0.0,0.0,1.0,0.0,28.0,0.0,8.694988806734472e-08,20.00001388453024,-0.9988167610581477,-0.01958464010317922,0.044514264021097816,-0.044881475979022256,0.018727812025314625,-0.9988167610581477,79.99998627213623,1.0,0.0,28.0
C:\Users\User\PycharmProjects\mirrornet\Mirrors\parabolic.pt,38.25,1.0,60.0,0.0,0.0,-1.0,1.0,0.0,0.0,0.0,1.0,0.0,29.0,0.0,6.45689074429967e-08,19.999981078139108,-0.9986741457125144,-0.026109126306646167,0.04436512378978663,-0.04501785190275032,0.02496685193294368,-0.9986741457125144,80.00001907852737,1.0,0.0,29.0
C:\Users\User\PycharmProjects\mirrornet\Mirrors\parabolic.pt,38.25,1.25,60.0,0.0,0.0,-1.0,1.0,0.0,0.0,0.0,1.0,0.0,30.0,0.0,1.650593040025683e-08,19.99998794352332,-0.9984908429291626,-0.03263041927269105,0.044173434603831385,-0.045193135188644096,0.031202838307299845,-0.9984908429291626,80.00001221314317,1.0,0.0,30.0
C:\Users\User\PycharmProjects\mirrornet\Mirrors\parabolic.pt,38.25,1.5,60.0,0.0,0.0,-1.0,1.0,0.0,0.0,0.0,1.0,0.0,31.0,0.0,-5.7239255335517214e-08,19.99997725974235,-0.9982668975192477,-0.039147722965200665,0.043939243324571775,-0.04540728298603658,0.03743500993885285,-0.9982668975192477,80.00002289692414,1.0,0.0,31.0
C:\Users\User\PycharmProjects\mirrornet\Mirrors\parabolic.pt,38.25,1.75,60.0,0.0,0.0,-1.0,1.0,0.0,0.0,0.0,1.0,0.0,32.0,0.0,-1.566664729057976e-07,20.00000624677366,-0.9980023641989374,-0.04566024297259218,0.04366260717152981,-0.045660242972592524,0.04366260717152959,-0.9980023641989374,79.99999390989282,1.0,0.0,32.0
C:\Users\User\PycharmProjects\mirrornet\Mirrors\parabolic.pt,38.5,-2.0,60.0,0.0,0.0,-1.0,1.0,0.0,0.0,0.0,1.0,0.0,33.0,0.0,2.7661077828256e-07,19.999984778848823,-0.9979748882120202,0.051842858505835095,0.036857028097094346,-0.03944917137743498,-0.04989875124529461,-0.9979748882120202,80.00001527451658,1.0,0.0,33.0
C:\Users\User\PycharmProjects\mirrornet\Mirrors\parabolic.pt,38.5,-1.75,60.0,0.0,0.0,-1.0,1.0,0.0,0.0,0.0,1.0,0.0,34.0,0.0,1.5214705362254222e-07,20.0000305623745,-0.9982781320581489,0.045376282674982775,0.037172086638947555,-0.03915729917592603,-0.043674672016402995,-0.9982781320581489,79.9999694909909,1.0,0.0,34.0
C:\Users\User\PycharmProjects\mirrornet\Mirrors\parabolic.pt,38.5,-1.5,60.0,0.0,0.0,-1.0,1.0,0.0,0.0,0.0,1.0,0.0,35.0,0.0,5.336539454781075e-08,20.00000157531696,-0.9985410924578603,0.038904199791541035,0.03744529224940174,-0.03890419979154125,-0.037445292249401164,-0.9985410924578603,79.99999847804845,1.0,0.0,35.0
C:\Users\User\PycharmProjects\mirrornet\Mirrors\parabolic.pt,38.5,-1.25,60.0,0.0,0.0,-1.0,1.0,0.0,0.0,0.0,1.0,0.0,36.0,0.0,-1.973408902955498e-08,20.000012259075742,-0.9987637056061145,0.03242739252721952,0.037676578637507285,-0.03868993463663284,-0.03121136526580859,-0.9987637056061145,79.99998779428968,1.0,0.0,36.0
C:\Users\User\PycharmProjects\mirrornet\Mirrors\parabolic.pt,38.5,-1.0,60.0,0.0,0.0,-1.0,1.0,0.0,0.0,0.0,1.0,0.0,37.0,0.0,-6.715150535629988e-08,20.00000539367339,-0.9989459174502766,0.025946645464144272,0.03786588964468174,-0.03851455573686102,-0.024973646225920625,-0.9989459174502766,79.99999465969205,1.0,0.0,37.0
C:\Users\User\PycharmProjects\mirrornet\Mirrors\parabolic.pt,38.5,-0.75,60.0,0.0,0.0,-1.0,1.0,0.0,0.0,0.0,1.0,0.0,38.0,0.0,-8.888678348917267e-08,19.99998097959145,-0.9990876837229015,0.019462744778869754,0.03801317927877457,-0.03837810569964195,-0.01873289182466991,-0.9990876837229015,80.00001907377401,1.0,0.0,38.0
C:\Users\User\PycharmProjects\mirrornet\Mirrors\parabolic.pt,38.5,-0.5,60.0,0.0,0.0,-1.0,1.0,0.0,0.0,0.0,1.0,0.0,39.0,0.0,-8.493999403835772e-08,19.99999623777043,-0.999188969968609,0.012976477925018165,0.038118411741987934,-0.03828061768827873,-0.012489859986166807,-0.999188969968609,80.00000381559502,1.0,0.0,39.0
C:\Users\User\PycharmProjects\mirrornet\Mirrors\parabolic.pt,38.5,-0.25,60.0,0.0,0.0,-1.0,1.0,0.0,0.0,0.0,1.0,0.0,40.0,0.0,-5.531103083877831e-08,19.999993948232902,-0.9992497515650154,0.006488633314849871,0.038181561452624635,-0.03822211540181586,-0.006245309557210903,-0.9992497515650154,80.00000610513257,1.0,0.0,40.0
C:\Users\User\PycharmProjects\mirrornet\Mirrors\parabolic.pt,38.5,0.0,60.0,0.0,0.0,-1.0,1.0,0.0,0.0,0.0,1.0,0.0,41.0,0.0,-1.6463563185023405e-16,19.999974111460382,-0.9992700137376981,-4.273128574044103e-18,0.03820261306063477,-0.03820261306063488,4.112886247030297e-18,-0.9992700137376981,80.00002594190508,1.0,0.0,41.0
C:\Users\User\PycharmProjects\mirrornet\Mirrors\parabolic.pt,38.5,0.25,60.0,0.0,0.0,-1.0,1.0,0.0,0.0,0.0,1.0,0.0,42.0,0.0,5.5311030477955825e-08,19.999993948232902,-0.9992497515650154,-0.00648863331484988,0.038181561452624635,-0.03822211540181586,0.006245309557210913,-0.9992497515650154,80.00000610513257,1.0,0.0,42.0
C:\Users\User\PycharmProjects\mirrornet\Mirrors\parabolic.pt,38.5,0.5,60.0,0.0,0.0,-1.0,1.0,0.0,0.0,0.0,1.0,0.0,43.0,0.0,8.493999381631312e-08,19.99999623777043,-0.999188969968609,-0.01297647792501817,0.038118411741987934,-0.03828061768827873,0.012489859986166812,-0.999188969968609,80.00000381559502,1.0,0.0,43.0
C:\Users\User\PycharmProjects\mirrornet\Mirrors\parabolic.pt,38.5,0.75,60.0,0.0,0.0,-1.0,1.0,0.0,0.0,0.0,1.0,0.0,44.0,0.0,8.888678337815037e-08,19.99998097959145,-0.9990876837229015,-0.019462744778869757,0.03801317927877457,-0.03837810569964195,0.018732891824669914,-0.9990876837229015,80.00001907377401,1.0,0.0,44.0
C:\Users\User\PycharmProjects\mirrornet\Mirrors\parabolic.pt,38.5,1.0,60.0,0.0,0.0,-1.0,1.0,0.0,0.0,0.0,1.0,0.0,45.0,0.0,6.715150524527758e-08,20.00000539367339,-0.9989459174502766,-0.025946645464144276,0.03786588964468174,-0.03851455573686102,0.024973646225920628,-0.9989459174502766,79.99999465969205,1.0,0.0,45.0
C:\Users\User\PycharmProjects\mirrornet\Mirrors\parabolic.pt,38.5,1.25,60.0,0.0,0.0,-1.0,1.0,0.0,0.0,0.0,1.0,0.0,46.0,0.0,1.973408902955498e-08,20.000012259075742,-0.9987637056061145,-0.03242739252721952,0.037676578637507285,-0.03868993463663284,0.03121136526580859,-0.9987637056061145,79.99998779428968,1.0,0.0,46.0
C:\Users\User\PycharmProjects\mirrornet\Mirrors\parabolic.pt,38.5,1.5,60.0,0.0,0.0,-1.0,1.0,0.0,0.0,0.0,1.0,0.0,47.0,0.0,-5.336539454781075e-08,20.00000157531696,-0.9985410924578603,-0.038904199791541035,0.03744529224940174,-0.03890419979154125,0.037445292249401164,-0.9985410924578603,79.99999847804845,1.0,0.0,47.0
C:\Users\User\PycharmProjects\mirrornet\Mirrors\parabolic.pt,38.5,1.75,60.0,0.0,0.0,-1.0,1.0,0.0,0.0,0.0,1.0,0.0,48.0,0.0,-1.521470527343638e-07,20.0000305623745,-0.9982781320581489,-0.045376282674982754,0.037172086638947555,-0.03915729917592603,0.043674672016402974,-0.9982781320581489,79.9999694909909,1.0,0.0,48.0
C:\Users\User\PycharmProjects\mirrornet\Mirrors\parabolic.pt,38.75,-2.0,60.0,0.0,0.0,-1.0,1.0,0.0,0.0,0.0,1.0,0.0,49.0,0.0,2.728379104866008e-07,19.999991572584033,-0.9982088587696007,0.05152046425518505,0.03040914396726535,-0.0329851675328654,-0.049910449774776135,-0.9982088587696007,80.00000840532391,1.0,0.0,49.0
C:\Users\User\PycharmProjects\mirrornet\Mirrors\parabolic.pt,38.75,-1.75,60.0,0.0,0.0,-1.0,1.0,0.0,0.0,0.0,1.0,0.0,50.0,0.0,1.4884582610896757e-07,19.999980135628604,-0.9985102869210979,0.04509401679318736,0.03072029560734868,-0.032693159010941164,-0.04368482879252746,-0.9985102869210979,80.00001984227933,1.0,0.0,50.0
C:\Users\User\PycharmProjects\mirrornet\Mirrors\parabolic.pt,38.75,-1.5,60.0,0.0,0.0,-1.0,1.0,0.0,0.0,0.0,1.0,0.0,51.0,0.0,5.0535811535468156e-08,20.00000836901088,-0.9987716719040335,0.038662130537542895,0.030990112363778355,-0.0324399423085826,-0.037453938978930554,-0.9987716719040335,79.99999160889706,1.0,0.0,51.0
C:\Users\User\PycharmProjects\mirrornet\Mirrors\parabolic.pt,38.75,-1.25,60.0,0.0,0.0,-1.0,1.0,0.0,0.0,0.0,1.0,0.0,52.0,0.0,-2.2091994233974788e-08,20.000019052753434,-0.998992950689587,0.03222557848496096,0.031218529174545928,-0.03222557848495888,-0.031218529174547986,-0.998992950689587,79.99998092515449,1.0,0.0,52.0
C:\Users\User\PycharmProjects\mirrornet\Mirrors\parabolic.pt,38.75,-1.0,60.0,0.0,0.0,-1.0,1.0,0.0,0.0,0.0,1.0,0.0,53.0,0.0,-6.903780302991436e-08,20.000012187337784,-0.999174069883115,0.025785135507156966,0.03140549092260003,-0.03205011926613133,-0.024979350036354465,-0.999174069883115,79.99998779057012,1.0,0.0,53.0
C:\Users\User\PycharmProjects\mirrornet\Mirrors\parabolic.pt,38.75,-0.75,60.0,0.0,0.0,-1.0,1.0,0.0,0.0,0.0,1.0,0.0,54.0,0.0,-9.030147218869189e-08,19.9999877732455,-0.9993149857563377,0.01934157804071326,0.0315509524690718,-0.031913607013870915,-0.018737153737289555,-0.9993149857563377,80.0000122046624,1.0,0.0,54.0
C:\Users\User\PycharmProjects\mirrornet\Mirrors\parabolic.pt,38.75,-0.5,60.0,0.0,0.0,-1.0,1.0,0.0,0.0,0.0,1.0,0.0,55.0,0.0,-8.58831443184549e-08,20.0000030314171,-0.999415664273721,0.012895683775584536,0.031654878680506426,-0.03181607470010184,-0.012492693664497272,-0.999415664273721,79.99999694649078,1.0,0.0,55.0
C:\Users\User\PycharmProjects\mirrornet\Mirrors\parabolic.pt,38.75,-0.25,60.0,0.0,0.0,-1.0,1.0,0.0,0.0,0.0,1.0,0.0,56.0,0.0,-5.57826063118938e-08,20.00000074187512,-0.9994760811130233,0.006448231342577421,0.03171724445007418,-0.031757545886994976,-0.006246724116571964,-0.9994760811130233,79.99999923603275,1.0,0.0,56.0
C:\Users\User\PycharmProjects\mirrornet\Mirrors\parabolic.pt,38.75,0.0,60.0,0.0,0.0,-1.0,1.0,0.0,0.0,0.0,1.0,0.0,57.0,0.0,-1.324735525160497e-16,19.999980905101125,-0.9994962216799887,-3.4169500699952835e-18,0.03173803471273651,-0.031738034712736285,3.3101703821361497e-18,-0.9994962216799887,80.00001907280674,1.0,0.0,57.0
C:\Users\User\PycharmProjects\mirrornet\Mirrors\parabolic.pt,38.75,0.25,60.0,0.0,0.0,-1.0,1.0,0.0,0.0,0.0,1.0,0.0,58.0,0.0,5.578260600658247e-08,20.00000074187512,-0.9994760811130233,-0.006448231342577429,0.03171724445007418,-0.031757545886994976,0.006246724116571971,-0.9994760811130233,79.99999923603275,1.0,0.0,58.0
C:\Users\User\PycharmProjects\mirrornet\Mirrors\parabolic.pt,38.75,0.5,60.0,0.0,0.0,-1.0,1.0,0.0,0.0,0.0,1.0,0.0,59.0,0.0,8.58831442074326e-08,20.0000030314171,-0.999415664273721,-0.012895683775584539,0.031654878680506426,-0.03181607470010184,0.012492693664497276,-0.999415664273721,79.99999694649078,1.0,0.0,59.0
C:\Users\User\PycharmProjects\mirrornet\Mirrors\parabolic.pt,38.75,0.75,60.0,0.0,0.0,-1.0,1.0,0.0,0.0,0.0,1.0,0.0,60.0,0.0,9.030147207766959e-08,19.9999877732455,-0.9993149857563377,-0.019341578040713264,0.0315509524690718,-0.031913607013870915,0.01873715373728956,-0.9993149857563377,80.0000122046624,1.0,0.0,60.0
C:\Users\User\PycharmProjects\mirrornet\Mirrors\parabolic.pt,38.75,1.0,60.0,0.0,0.0,-1.0,1.0,0.0,0.0,0.0,1.0,0.0,61.0,0.0,6.903780291889206e-08,20.000012187337784,-0.999174069883115,-0.02578513550715697,0.03140549092260003,-0.03205011926613133,0.02497935003635447,-0.999174069883115,79.99998779057012,1.0,0.0,61.0
C:\Users\User\PycharmProjects\mirrornet\Mirrors\parabolic.pt,38.75,1.25,60.0,0.0,0.0,-1.0,1.0,0.0,0.0,0.0,1.0,0.0,62.0,0.0,2.2091994233974788e-08,20.000019052753434,-0.998992950689587,-0.03222557848496096,0.031218529174545928,-0.03222557848495888,0.031218529174547986,-0.998992950689587,79.99998092515449,1.0,0.0,62.0
C:\Users\User\PycharmProjects\mirrornet\Mirrors\parabolic.pt,38.75,1.5,60.0,0.0,0.0,-1.0,1.0,0.0,0.0,0.0,1.0,0.0,63.0,0.0,-5.0535811535468156e-08,20.00000836901088,-0.9987716719040335,-0.038662130537542895,0.030990112363778355,-0.0324399423085826,0.037453938978930554,-0.9987716719040335,79.99999160889706,1.0,0.0,63.0
C:\Users\User\PycharmProjects\mirrornet\Mirrors\parabolic.pt,38.75,1.75,60.0,0.0,0.0,-1.0,1.0,0.0,0.0,0.0,1.0,0.0,64.0,0.0,-1.4884582610896757e-07,19.999980135628604,-0.9985102869210979,-0.04509401679318736,0.03072029560734868,-0.032693159010941164,0.04368482879252746,-0.9985102869210979,80.00001984227933,1.0,0.0,64.0
C:\Users\User\PycharmProjects\mirrornet\Mirrors\parabolic.pt,39.0,-2.0,60.0,0.0,0.0,-1.0,1.0,0.0,0.0,0.0,1.0,0.0,65.0,0.0,2.704304353784437e-07,19.999980844396756,-0.9983999996964805,0.05120000690745404,0.02399999789051077,-0.0265599985865298,-0.04992000682242933,-0.9983999996964805,80.00001908536156,1.0,0.0,65.0
C:\Users\User\PycharmProjects\mirrornet\Mirrors\parabolic.pt,39.0,-1.75,60.0,0.0,0.0,-1.0,1.0,0.0,0.0,0.0,1.0,0.0,66.0,0.0,1.467393202503331e-07,19.99996940742722,-0.9986996097614106,0.0448134477854095,0.024307290264258485,-0.026267878772710196,-0.0436931116675012,-0.9986996097614106,80.0000305223311,1.0,0.0,66.0
C:\Users\User\PycharmProjects\mirrornet\Mirrors\parabolic.pt,39.0,-1.5,60.0,0.0,0.0,-1.0,1.0,0.0,0.0,0.0,1.0,0.0,67.0,0.0,4.873027381613326e-08,19.999997640797293,-0.9989594172700224,0.03842151729704101,0.0245737595033928,-0.026014566451369125,-0.03746097943039803,-0.9989594172700224,80.00000228896104,1.0,0.0,67.0
C:\Users\User\PycharmProjects\mirrornet\Mirrors\parabolic.pt,39.0,-1.25,60.0,0.0,0.0,-1.0,1.0,0.0,0.0,0.0,1.0,0.0,68.0,0.0,-2.3596739895381802e-08,20.00000832452952,-0.9991793599631122,0.0320249788814491,0.024799341752319792,-0.025800122325230324,-0.03122435446424413,-0.9991793599631122,79.99999160522881,1.0,0.0,68.0
C:\Users\User\PycharmProjects\mirrornet\Mirrors\parabolic.pt,39.0,-1.0,60.0,0.0,0.0,-1.0,1.0,0.0,0.0,0.0,1.0,0.0,69.0,0.0,-7.024154302648355e-08,20.000001459105444,-0.9993593850984231,0.025624597817996867,0.024983982916417347,-0.0256245978179942,-0.024983982916419845,-0.9993593850984231,79.99999847065291,1.0,0.0,69.0
C:\Users\User\PycharmProjects\mirrornet\Mirrors\parabolic.pt,39.0,-0.75,60.0,0.0,0.0,-1.0,1.0,0.0,0.0,0.0,1.0,0.0,70.0,0.0,-9.120434896203733e-08,19.999977045006595,-0.9994994494822412,0.019221140921871396,0.025127638694440346,-0.02548803504353203,-0.018740612431733895,-0.9994994494822412,80.00002288475177,1.0,0.0,70.0
C:\Users\User\PycharmProjects\mirrornet\Mirrors\parabolic.pt,39.0,-0.5,60.0,0.0,0.0,-1.0,1.0,0.0,0.0,0.0,1.0,0.0,71.0,0.0,-8.648494392859973e-08,19.99999230317352,-0.9995995194952931,0.012815376238393286,0.02523027460508298,-0.0253904667806355,-0.012494991854375165,-0.9995995194952931,80.00000762658487,1.0,0.0,71.0
C:\Users\User\PycharmProjects\mirrornet\Mirrors\parabolic.pt,39.0,-0.25,60.0,0.0,0.0,-1.0,1.0,0.0,0.0,0.0,1.0,0.0,72.0,0.0,-5.608350631125525e-08,19.99999001362873,-0.9996595711129151,0.006408072736251665,0.025291866007663977,-0.02533191645335109,-0.006247870928816887,-0.9996595711129151,80.00000991612964,1.0,0.0,72.0
C:\Users\User\PycharmProjects\mirrornet\Mirrors\parabolic.pt,39.0,0.0,60.0,0.0,0.0,-1.0,1.0,0.0,0.0,0.0,1.0,0.0,73.0,0.0,-9.57898298996001e-17,20.00002739731278,-0.9996795899194754,-2.455362509550988e-18,0.025312398116920543,-0.025312398116920654,2.393978451016136e-18,-0.9996795899194754,79.9999725324456,1.0,0.0,73.0
C:\Users\User\PycharmProjects\mirrornet\Mirrors\parabolic.pt,39.0,0.25,60.0,0.0,0.0,-1.0,1.0,0.0,0.0,0.0,1.0,0.0,74.0,0.0,5.608350622798852e-08,19.99999001362873,-0.9996595711129151,-0.006408072736251666,0.025291866007663977,-0.02533191645335109,0.006247870928816889,-0.9996595711129151,80.00000991612964,1.0,0.0,74.0
C:\Users\User\PycharmProjects\mirrornet\Mirrors\parabolic.pt,39.0,0.5,60.0,0.0,0.0,-1.0,1.0,0.0,0.0,0.0,1.0,0.0,75.0,0.0,8.648494387308858e-08,19.99999230317352,-0.9995995194952931,-0.012815376238393288,0.02523027460508298,-0.0253904667806355,0.012494991854375167,-0.9995995194952931,80.00000762658487,1.0,0.0,75.0
C:\Users\User\PycharmProjects\mirrornet\Mirrors\parabolic.pt,39.0,0.75,60.0,0.0,0.0,-1.0,1.0,0.0,0.0,0.0,1.0,0.0,76.0,0.0,9.120434896203733e-08,19.999977045006595,-0.9994994494822412,-0.019221140921871396,0.025127638694440346,-0.02548803504353203,0.018740612431733895,-0.9994994494822412,80.00002288475177,1.0,0.0,76.0
C:\Users\User\PycharmProjects\mirrornet\Mirrors\parabolic.pt,39.0,1.0,60.0,0.0,0.0,-1.0,1.0,0.0,0.0,0.0,1.0,0.0,77.0,0.0,7.024154291546125e-08,20.000001459105444,-0.9993593850984231,-0.02562459781799687,0.024983982916417347,-0.0256245978179942,0.02498398291641985,-0.9993593850984231,79.99999847065291,1.0,0.0,77.0
C:\Users\User\PycharmProjects\mirrornet\Mirrors\parabolic.pt,39.0,1.25,60.0,0.0,0.0,-1.0,1.0,0.0,0.0,0.0,1.0,0.0,78.0,0.0,2.3596739895381802e-08,20.00000832452952,-0.9991793599631122,-0.0320249788814491,0.024799341752319792,-0.025800122325230324,0.03122435446424413,-0.9991793599631122,79.99999160522881,1.0,0.0,78.0
C:\Users\User\PycharmProjects\mirrornet\Mirrors\parabolic.pt,39.0,1.5,60.0,0.0,0.0,-1.0,1.0,0.0,0.0,0.0,1.0,0.0,79.0,0.0,-4.873027381613326e-08,19.999997640797293,-0.9989594172700224,-0.03842151729704101,0.0245737595033928,-0.026014566451369125,0.03746097943039803,-0.9989594172700224,80.00000228896104,1.0,0.0,79.0
C:\Users\User\PycharmProjects\mirrornet\Mirrors\parabolic.pt,39.0,1.75,60.0,0.0,0.0,-1.0,1.0,0.0,0.0,0.0,1.0,0.0,80.0,0.0,-1.467393202503331e-07,19.99996940742722,-0.9986996097614106,-0.0448134477854095,0.024307290264258485,-0.026267878772710196,0.0436931116675012,-0.9986996097614106,80.0000305223311,1.0,0.0,80.0
C:\Users\User\PycharmProjects\mirrornet\Mirrors\parabolic.pt,39.25,-2.0,60.0,0.0,0.0,-1.0,1.0,0.0,0.0,0.0,1.0,0.0,81.0,0.0,2.693622804805784e-07,20.000009814726855,-0.9985490824402089,0.05088148876055735,0.017629635825129997,-0.02017371061162243,-0.049927460960636924,-0.9985490824402089,79.99999009366825,1.0,0.0,81.0
C:\Users\User\PycharmProjects\mirrornet\Mirrors\parabolic.pt,39.25,-1.75,60.0,0.0,0.0,-1.0,1.0,0.0,0.0,0.0,1.0,0.0,82.0,0.0,1.4580457574631112e-07,19.999998377751062,-0.9988468725179466,0.04453457764440385,0.01793311615843529,-0.019881504097173264,-0.04369955441364862,-0.9988468725179466,80.00000153064403,1.0,0.0,82.0
C:\Users\User\PycharmProjects\mirrornet\Mirrors\parabolic.pt,39.25,-1.5,60.0,0.0,0.0,-1.0,1.0,0.0,0.0,0.0,1.0,0.0,83.0,0.0,4.792893992799918e-08,19.999969390656712,-0.9991051009206536,0.03818236176476506,0.01819627886122821,-0.01962811747643667,-0.037466442567478477,-0.9991051009206536,80.00003051773838,1.0,0.0,83.0
C:\Users\User\PycharmProjects\mirrornet\Mirrors\parabolic.pt,39.25,-1.25,60.0,0.0,0.0,-1.0,1.0,0.0,0.0,0.0,1.0,0.0,84.0,0.0,-2.4264484865810232e-08,19.999980074384325,-0.9993237061520697,0.03182559511954171,0.018419061262160863,-0.019413611092618077,-0.031228865282568248,-0.9993237061520697,80.00001983401076,1.0,0.0,84.0
C:\Users\User\PycharmProjects\mirrornet\Mirrors\parabolic.pt,39.25,-1.0,60.0,0.0,0.0,-1.0,1.0,0.0,0.0,0.0,1.0,0.0,85.0,0.0,-7.077584041059737e-08,20.000030429415435,-0.9995026361166597,0.025465033512764856,0.01860141027024209,-0.019238036064461506,-0.024987564191625126,-0.9995026361166597,79.99996947897961,1.0,0.0,85.0
C:\Users\User\PycharmProjects\mirrornet\Mirrors\parabolic.pt,39.25,-0.75,60.0,0.0,0.0,-1.0,1.0,0.0,0.0,0.0,1.0,0.0,86.0,0.0,-9.160505554106635e-08,20.00000601531365,-0.9996418481506281,0.019101434255814623,0.018743282406445072,-0.019101434255816674,-0.018743282406442543,-0.9996418481506281,79.99999389308138,1.0,0.0,86.0
C:\Users\User\PycharmProjects\mirrornet\Mirrors\parabolic.pt,39.25,-0.5,60.0,0.0,0.0,-1.0,1.0,0.0,0.0,0.0,1.0,0.0,87.0,0.0,-8.675220120046845e-08,20.000021273478467,-0.9997413090473379,0.012735555867360759,0.018844643829611485,-0.019003838250696625,-0.012496764223466888,-0.9997413090473379,79.99997863491657,1.0,0.0,87.0
C:\Users\User\PycharmProjects\mirrornet\Mirrors\parabolic.pt,39.25,-0.25,60.0,0.0,0.0,-1.0,1.0,0.0,0.0,0.0,1.0,0.0,88.0,0.0,-5.621713530801209e-08,20.000018983932407,-0.9998009950771111,0.006368157772314139,0.01890547035662915,-0.018945271333847158,-0.006248754828393676,-0.9998009950771111,79.99998092446262,1.0,0.0,88.0
C:\Users\User\PycharmProjects\mirrornet\Mirrors\parabolic.pt,39.25,0.0,60.0,0.0,0.0,-1.0,1.0,0.0,0.0,0.0,1.0,0.0,89.0,0.0,-5.889286864286759e-17,19.999999147157055,-0.9998208920013836,-1.5001865085103743e-18,0.018925747476860266,-0.018925747476860044,1.4720580148470012e-18,-0.9998208920013836,80.00000076123797,1.0,0.0,89.0
C:\Users\User\PycharmProjects\mirrornet\Mirrors\parabolic.pt,39.25,0.25,60.0,0.0,0.0,-1.0,1.0,0.0,0.0,0.0,1.0,0.0,90.0,0.0,5.621713525250094e-08,20.000018983932407,-0.9998009950771111,-0.006368157772314141,0.01890547035662915,-0.018945271333847158,0.006248754828393677,-0.9998009950771111,79.99998092446262,1.0,0.0,90.0
C:\Users\User\PycharmProjects\mirrornet\Mirrors\parabolic.pt,39.25,0.5,60.0,0.0,0.0,-1.0,1.0,0.0,0.0,0.0,1.0,0.0,91.0,0.0,8.675220120046845e-08,20.000021273478467,-0.9997413090473379,-0.012735555867360759,0.018844643829611485,-0.019003838250696625,0.012496764223466888,-0.9997413090473379,79.99997863491657,1.0,0.0,91.0
C:\Users\User\PycharmProjects\mirrornet\Mirrors\parabolic.pt,39.25,0.75,60.0,0.0,0.0,-1.0,1.0,0.0,0.0,0.0,1.0,0.0,92.0,0.0,9.160505554106635e-08,20.00000601531365,-0.9996418481506281,-0.019101434255814623,0.018743282406445072,-0.019101434255816674,0.018743282406442543,-0.9996418481506281,79.99999389308138,1.0,0.0,92.0
C:\Users\User\PycharmProjects\mirrornet\Mirrors\parabolic.pt,39.25,1.0,60.0,0.0,0.0,-1.0,1.0,0.0,0.0,0.0,1.0,0.0,93.0,0.0,7.077584041059737e-08,20.000030429415435,-0.9995026361166597,-0.025465033512764856,0.01860141027024209,-0.019238036064461506,0.024987564191625126,-0.9995026361166597,79.99996947897961,1.0,0.0,93.0
C:\Users\User\PycharmProjects\mirrornet\Mirrors\parabolic.pt,39.25,1.25,60.0,0.0,0.0,-1.0,1.0,0.0,0.0,0.0,1.0,0.0,94.0,0.0,2.4264484865810232e-08,19.999980074384325,-0.9993237061520697,-0.03182559511954171,0.018419061262160863,-0.019413611092618077,0.031228865282568248,-0.9993237061520697,80.00001983401076,1.0,0.0,94.0
C:\Users\User\PycharmProjects\mirrornet\Mirrors\parabolic.pt,39.25,1.5,60.0,0.0,0.0,-1.0,1.0,0.0,0.0,0.0,1.0,0.0,95.0,0.0,-4.792893992799918e-08,19.999969390656712,-0.9991051009206536,-0.03818236176476506,0.01819627886122821,-0.01962811747643667,0.037466442567478477,-0.9991051009206536,80.00003051773838,1.0,0.0,95.0
C:\Users\User\PycharmProjects\mirrornet\Mirrors\parabolic.pt,39.25,1.75,60.0,0.0,0.0,-1.0,1.0,0.0,0.0,0.0,1.0,0.0,96.0,0.0,-1.4580457574631112e-07,19.999998377751062,-0.9988468725179466,-0.04453457764440385,0.01793311615843529,-0.019881504097173264,0.04369955441364862,-0.9988468725179466,80.00000153064403,1.0,0.0,96.0
C:\Users\User\PycharmProjects\mirrornet\Mirrors\parabolic.pt,39.5,-2.0,60.0,0.0,0.0,-1.0,1.0,0.0,0.0,0.0,1.0,0.0,97.0,0.0,2.696079972608345e-07,20.000021263102088,-0.9986568694004558,0.050564911596121274,0.011298093403644849,-0.013826339329747639,-0.04993285030938761,-0.9986568694004558,79.99997865020721,1.0,0.0,97.0
C:\Users\User\PycharmProjects\mirrornet\Mirrors\parabolic.pt,39.5,-1.75,60.0,0.0,0.0,-1.0,1.0,0.0,0.0,0.0,1.0,0.0,98.0,0.0,1.460196117353263e-07,20.000009826127734,-0.9989528380673408,0.044257407911001315,0.011597808508701624,-0.013534070270565635,-0.04370419040683246,-0.9989528380673408,79.99999008718157,1.0,0.0,98.0
C:\Users\User\PycharmProjects\mirrornet\Mirrors\parabolic.pt,39.5,-1.5,60.0,0.0,0.0,-1.0,1.0,0.0,0.0,0.0,1.0,0.0,99.0,0.0,4.811336640209163e-08,19.999980839034645,-0.9992094861460814,0.03794466524796087,0.011857705296736798,-0.01328063029226001,-0.037470357013569634,-0.9992094861460814,80.00001907427466,1.0,0.0,99.0
C:\Users\User\PycharmProjects\mirrornet\Mirrors\parabolic.pt,39.5,-1.25,60.0,0.0,0.0,-1.0,1.0,0.0,0.0,0.0,1.0,0.0,100.0,0.0,-2.411084398801222e-08,19.99999152276334,-0.9994267528966243,0.03162742827908248,0.0120777222588353,-0.01306607937563431,-0.031232085493282213,-0.9994267528966243,80.00000839054599,1.0,0.0,100.0
C:\Users\User\PycharmProjects\mirrornet\Mirrors\parabolic.pt,39.5,-1.0,60.0,0.0,0.0,-1.0,1.0,0.0,0.0,0.0,1.0,0.0,101.0,0.0,-7.065284268747973e-08,19.999984657336373,-0.9996045868644361,0.025306443449102035,0.012257807289140832,-0.012890468332039884,-0.024990112960148494,-0.9996045868644361,80.00001525597297,1.0,0.0,101.0
C:\Users\User\PycharmProjects\mirrornet\Mirrors\parabolic.pt,39.5,-0.75,60.0,0.0,0.0,-1.0,1.0,0.0,0.0,0.0,1.0,0.0,102.0,0.0,-9.151284330322085e-08,20.00001746369425,-0.9997429459109459,0.018982458682123796,0.01239791771568255,-0.012753838773315374,-0.018745177989223042,-0.9997429459109459,79.99998244961509,1.0,0.0,102.0
C:\Users\User\PycharmProjects\mirrornet\Mirrors\parabolic.pt,39.5,-0.5,60.0,0.0,0.0,-1.0,1.0,0.0,0.0,0.0,1.0,0.0,103.0,0.0,-8.669063178423642e-08,19.99997550140058,-0.9998417972384972,0.012656223087147632,0.012498020325644621,-0.012656223087147422,-0.01249802032564482,-0.9998417972384972,80.00002441190878,1.0,0.0,103.0
C:\Users\User\PycharmProjects\mirrornet\Mirrors\parabolic.pt,39.5,-0.25,60.0,0.0,0.0,-1.0,1.0,0.0,0.0,0.0,1.0,0.0,104.0,0.0,-5.6186386349077466e-08,20.00003043231382,-0.9999011174097802,0.00632848666257252,0.012558091385041381,-0.012597644417878584,-0.006249380592834433,-0.9999011174097802,79.99996948099555,1.0,0.0,104.0
C:\Users\User\PycharmProjects\mirrornet\Mirrors\parabolic.pt,39.5,0.0,60.0,0.0,0.0,-1.0,1.0,0.0,0.0,0.0,1.0,0.0,105.0,0.0,-2.6091073373820186e-17,20.000010595538583,-0.9999208923617253,-6.60481249889254e-19,0.01257811665279096,-0.012578116652790627,6.522252356791838e-19,-0.9999208923617253,79.9999893177708,1.0,0.0,105.0
C:\Users\User\PycharmProjects\mirrornet\Mirrors\parabolic.pt,39.5,0.25,60.0,0.0,0.0,-1.0,1.0,0.0,0.0,0.0,1.0,0.0,106.0,0.0,5.6186386349077466e-08,20.00003043231382,-0.9999011174097802,-0.00632848666257252,0.012558091385041381,-0.012597644417878584,0.006249380592834433,-0.9999011174097802,79.99996948099555,1.0,0.0,106.0
C:\Users\User\PycharmProjects\mirrornet\Mirrors\parabolic.pt,39.5,0.5,60.0,0.0,0.0,-1.0,1.0,0.0,0.0,0.0,1.0,0.0,107.0,0.0,8.669063178423642e-08,19.999975501400588,-0.9998417972384973,-0.012656223087147634,0.012498020325644843,-0.012656223087147422,0.01249802032564482,-0.9998417972384973,80.00002441190878,1.0,0.0,107.0
C:\Users\User\PycharmProjects\mirrornet\Mirrors\parabolic.pt,39.5,0.75,60.0,0.0,0.0,-1.0,1.0,0.0,0.0,0.0,1.0,0.0,108.0,0.0,9.151284341424315e-08,20.00001746369425,-0.9997429459109459,-0.018982458682123792,0.01239791771568255,-0.012753838773315374,0.018745177989223042,-0.9997429459109459,79.99998244961509,1.0,0.0,108.0
C:\Users\User\PycharmProjects\mirrornet\Mirrors\parabolic.pt,39.5,1.0,60.0,0.0,0.0,-1.0,1.0,0.0,0.0,0.0,1.0,0.0,109.0,0.0,7.065284290952434e-08,19.999984657336373,-0.9996045868644361,-0.02530644344910203,0.012257807289140832,-0.012890468332039884,0.02499011296014849,-0.9996045868644361,80.00001525597297,1.0,0.0,109.0
C:\Users\User\PycharmProjects\mirrornet\Mirrors\parabolic.pt,39.5,1.25,60.0,0.0,0.0,-1.0,1.0,0.0,0.0,0.0,1.0,0.0,110.0,0.0,2.411084398801222e-08,19.99999152276334,-0.9994267528966243,-0.03162742827908248,0.0120777222588353,-0.01306607937563431,0.031232085493282213,-0.9994267528966243,80.00000839054599,1.0,0.0,110.0
C:\Users\User\PycharmProjects\mirrornet\Mirrors\parabolic.pt,39.5,1.5,60.0,0.0,0.0,-1.0,1.0,0.0,0.0,0.0,1.0,0.0,111.0,0.0,-4.8113366624136233e-08,19.999980839034645,-0.9992094861460813,-0.03794466524796087,0.011857705296736798,-0.013280630292260343,0.03747035701356963,-0.9992094861460813,80.00001907427466,1.0,0.0,111.0
C:\Users\User\PycharmProjects\mirrornet\Mirrors\parabolic.pt,39.5,1.75,60.0,0.0,0.0,-1.0,1.0,0.0,0.0,0.0,1.0,0.0,112.0,0.0,-1.460196119573709e-07,20.000009826127734,-0.9989528380673408,-0.04425740791100132,0.011597808508701624,-0.013534070270565635,0.04370419040683247,-0.9989528380673408,79.99999008718157,1.0,0.0,112.0
C:\Users\User\PycharmProjects\mirrornet\Mirrors\parabolic.pt,39.75,-2.0,60.0,0.0,0.0,-1.0,1.0,0.0,0.0,0.0,1.0,0.0,113.0,0.0,2.7114281131446205e-07,20.000015189516272,-0.9987241139076557,0.05025027669464592,0.005005396236053672,-0.007517910414927775,-0.04993621253520826,-0.9987241139076557,79.99998475448919,1.0,0.0,113.0
C:\Users\User\PycharmProjects\mirrornet\Mirrors\parabolic.pt,39.75,-1.75,60.0,0.0,0.0,-1.0,1.0,0.0,0.0,0.0,1.0,0.0,114.0,0.0,1.4736257192282665e-07,20.000003752550906,-0.999018260202894,0.04398193968737018,0.005301392507577329,-0.007225602533625586,-0.04370705262550802,-0.999018260202894,79.99999619145456,1.0,0.0,114.0
C:\Users\User\PycharmProjects\mirrornet\Mirrors\parabolic.pt,39.75,-1.5,60.0,0.0,0.0,-1.0,1.0,0.0,0.0,0.0,1.0,0.0,115.0,0.0,4.926440233532503e-08,19.999974765465602,-0.999273327140894,0.03770842867773445,0.005558063639796718,-0.006972129763633372,-0.037472751050955336,-0.999273327140894,80.00002517853986,1.0,0.0,115.0
C:\Users\User\PycharmProjects\mirrornet\Mirrors\parabolic.pt,39.75,-1.25,60.0,0.0,0.0,-1.0,1.0,0.0,0.0,0.0,1.0,0.0,116.0,0.0,-2.315151870213583e-08,19.99998544920088,-0.9994892547310128,0.03143047912639174,0.005775349264769414,-0.006757551720652399,-0.031234038675575174,-0.9994892547310128,80.00001449480459,1.0,0.0,116.0
C:\Users\User\PycharmProjects\mirrornet\Mirrors\parabolic.pt,39.75,-1.0,60.0,0.0,0.0,-1.0,1.0,0.0,0.0,0.0,1.0,0.0,117.0,0.0,-6.988551171094315e-08,19.999978583779306,-0.9996659921539505,0.025148828233755496,0.005953198243577207,-0.006581918906362283,-0.02499164809227941,-0.9996659921539505,80.00002136022619,1.0,0.0,117.0
C:\Users\User\PycharmProjects\mirrornet\Mirrors\parabolic.pt,39.75,-0.75,60.0,0.0,0.0,-1.0,1.0,0.0,0.0,0.0,1.0,0.0,118.0,0.0,-9.093722175279595e-08,20.00001139014137,-0.9998034977916278,0.01886421465218537,0.006091568696392047,-0.006445272678729075,-0.018746313336851488,-0.9998034977916278,79.9999885538641,1.0,0.0,118.0
C:\Users\User\PycharmProjects\mirrornet\Mirrors\parabolic.pt,39.75,-0.5,60.0,0.0,0.0,-1.0,1.0,0.0,0.0,0.0,1.0,0.0,119.0,0.0,-8.630700326639484e-08,19.999969427850676,-0.9999017392516791,0.012577378196913633,0.006190428027122774,-0.0063476452276661766,-0.012498769600679494,-0.9999017392516791,80.0000305161548,1.0,0.0,119.0
C:\Users\User\PycharmProjects\mirrornet\Mirrors\parabolic.pt,39.75,-0.25,60.0,0.0,0.0,-1.0,1.0,0.0,0.0,0.0,1.0,0.0,120.0,0.0,-5.599453681282007e-08,20.000024358765717,-0.9999606933865235,0.006289059556082894,0.006249752942606435,-0.006289059556082943,-0.006249752942606175,-0.9999606933865235,79.99997558523975,1.0,0.0,120.0
C:\Users\User\PycharmProjects\mirrornet\Mirrors\parabolic.pt,39.75,0.0,60.0,0.0,0.0,-1.0,1.0,0.0,0.0,0.0,1.0,0.0,121.0,0.0,-1.6928487346869259e-18,20.000004521991062,-0.9999803463070017,-4.25865525523925e-20,0.006269529466330415,-0.006269529466330193,4.2320386658182805e-20,-0.9999803463070017,79.99999542201441,1.0,0.0,121.0
C:\Users\User\PycharmProjects\mirrornet\Mirrors\parabolic.pt,39.75,0.25,60.0,0.0,0.0,-1.0,1.0,0.0,0.0,0.0,1.0,0.0,122.0,0.0,5.599453684057565e-08,20.000024358765717,-0.9999606933865235,-0.006289059556082893,0.006249752942606435,-0.006289059556082943,0.0062497529426061744,-0.9999606933865235,79.99997558523975,1.0,0.0,122.0
C:\Users\User\PycharmProjects\mirrornet\Mirrors\parabolic.pt,39.75,0.5,60.0,0.0,0.0,-1.0,1.0,0.0,0.0,0.0,1.0,0.0,123.0,0.0,8.63070034329283e-08,19.999969427850676,-0.9999017392516791,-0.012577378196913628,0.006190428027122774,-0.0063476452276661766,0.012498769600679489,-0.9999017392516791,80.0000305161548,1.0,0.0,123.0
C:\Users\User\PycharmProjects\mirrornet\Mirrors\parabolic.pt,39.75,0.75,60.0,0.0,0.0,-1.0,1.0,0.0,0.0,0.0,1.0,0.0,124.0,0.0,9.093722175279595e-08,20.00001139014137,-0.9998034977916278,-0.01886421465218537,0.006091568696392047,-0.006445272678729075,0.018746313336851488,-0.9998034977916278,79.9999885538641,1.0,0.0,124.0
C:\Users\User\PycharmProjects\mirrornet\Mirrors\parabolic.pt,39.75,1.0,60.0,0.0,0.0,-1.0,1.0,0.0,0.0,0.0,1.0,0.0,125.0,0.0,6.988551204401006e-08,19.999978583779306,-0.9996659921539505,-0.02514882823375549,0.005953198243577207,-0.006581918906362283,0.024991648092279408,-0.9996659921539505,80.00002136022619,1.0,0.0,125.0
C:\Users\User\PycharmProjects\mirrornet\Mirrors\parabolic.pt,39.75,1.25,60.0,0.0,0.0,-1.0,1.0,0.0,0.0,0.0,1.0,0.0,126.0,0.0,2.315151870213583e-08,19.99998544920088,-0.9994892547310128,-0.03143047912639174,0.005775349264769414,-0.006757551720652399,0.031234038675575174,-0.9994892547310128,80.00001449480459,1.0,0.0,126.0
C:\Users\User\PycharmProjects\mirrornet\Mirrors\parabolic.pt,39.75,1.5,60.0,0.0,0.0,-1.0,1.0,0.0,0.0,0.0,1.0,0.0,127.0,0.0,-4.926440233532503e-08,19.999974765465602,-0.999273327140894,-0.03770842867773445,0.005558063639796718,-0.006972129763633372,0.037472751050955336,-0.999273327140894,80.00002517853986,1.0,0.0,127.0
C:\Users\User\PycharmProjects\mirrornet\Mirrors\parabolic.pt,39.75,1.75,60.0,0.0,0.0,-1.0,1.0,0.0,0.0,0.0,1.0,0.0,128.0,0.0,-1.4736257192282665e-07,20.000003752550906,-0.999018260202894,-0.04398193968737018,0.005301392507577329,-0.007225602533625586,0.04370705262550802,-0.999018260202894,79.99999619145456,1.0,0.0,128.0
C:\Users\User\PycharmProjects\mirrornet\Mirrors\parabolic.pt,40.0,-2.0,60.0,0.0,0.0,-1.0,1.0,0.0,0.0,0.0,1.0,0.0,129.0,0.0,2.739425415398955e-07,19.999991593968904,-0.9987515602077399,0.049937584850400514,-0.00124843979225997,-0.001248439792260303,-0.04993758485040051,-0.9987515602077399,80.00000840603111,1.0,0.0,129.0
C:\Users\User\PycharmProjects\mirrornet\Mirrors\parabolic.pt,40.0,-1.75,60.0,0.0,0.0,-1.0,1.0,0.0,0.0,0.0,1.0,0.0,130.0,0.0,1.4981233431576868e-07,19.99998015701993,-0.9990438836195541,0.0437081736500829,-0.0009561163804457928,-0.0009561163804461259,-0.04370817365008289,-0.9990438836195541,80.00001984298007,1.0,0.0,130.0
C:\Users\User\PycharmProjects\mirrornet\Mirrors\parabolic.pt,40.0,-1.5,60.0,0.0,0.0,-1.0,1.0,0.0,0.0,0.0,1.0,0.0,131.0,0.0,5.136426950436146e-08,20.000008390407846,-0.9992973689893094,0.03747365262030359,-0.0007026310106902356,-0.0007026310106909017,-0.03747365262030358,-0.9992973689893094,79.99999160959217,1.0,0.0,131.0
C:\Users\User\PycharmProjects\mirrornet\Mirrors\parabolic.pt,40.0,-1.25,60.0,0.0,0.0,-1.0,1.0,0.0,0.0,0.0,1.0,0.0,132.0,0.0,-2.1401760808004155e-08,20.000019074155155,-0.9995119570689246,0.031234748123621,-0.00048804293107507224,-0.0004880429310757384,-0.031234748123620988,-0.9995119570689246,79.99998092584487,1.0,0.0,132.0
C:\Users\User\PycharmProjects\mirrornet\Mirrors\parabolic.pt,40.0,-1.0,60.0,0.0,0.0,-1.0,1.0,0.0,0.0,0.0,1.0,0.0,133.0,0.0,-6.848557820848811e-08,20.00001220874341,-0.9996875976685189,0.024992188230108396,-0.0003124023314807767,-0.0003124023314814428,-0.02499218823010839,-0.9996875976685189,79.99998779125661,1.0,0.0,133.0
C:\Users\User\PycharmProjects\mirrornet\Mirrors\parabolic.pt,40.0,-0.75,60.0,0.0,0.0,-1.0,1.0,0.0,0.0,0.0,1.0,0.0,134.0,0.0,-8.988739597093343e-08,19.99998779465416,-0.9998242496857374,0.01874670243481762,-0.0001757503142622019,-0.00017575031426309007,-0.01874670243481761,-0.9998242496857374,80.00001220534585,1.0,0.0,134.0
C:\Users\User\PycharmProjects\mirrornet\Mirrors\parabolic.pt,40.0,-0.5,60.0,0.0,0.0,-1.0,1.0,0.0,0.0,0.0,1.0,0.0,135.0,0.0,-8.560700126558629e-08,20.000003052827925,-0.999921881129787,0.012499021374114494,-7.811887021258457e-05,-7.811887021347275e-05,-0.012499021374114488,-0.999921881129787,79.9999969471721,1.0,0.0,135.0
C:\Users\User\PycharmProjects\mirrornet\Mirrors\parabolic.pt,40.0,-0.25,60.0,0.0,0.0,-1.0,1.0,0.0,0.0,0.0,1.0,0.0,136.0,0.0,-5.5644571395063736e-08,20.000000763287254,-0.9999804691401563,0.006249876541038861,-1.9530859843075454e-05,-1.95308598442967e-05,-0.006249876541038857,-0.9999804691401563,79.99999923671277,1.0,0.0,136.0
C:\Users\User\PycharmProjects\mirrornet\Mirrors\parabolic.pt,40.0,0.0,60.0,0.0,0.0,-1.0,1.0,0.0,0.0,0.0,1.0,0.0,137.0,0.0,9.993400590824648e-18,19.99998092651369,-1.0,2.498350147706162e-19,4.440892098500626e-16,-4.440892098500626e-16,-2.4983501477061605e-19,-1.0,80.00001907348633,1.0,0.0,137.0
C:\Users\User\PycharmProjects\mirrornet\Mirrors\parabolic.pt,40.0,0.25,60.0,0.0,0.0,-1.0,1.0,0.0,0.0,0.0,1.0,0.0,138.0,0.0,5.564457147833046e-08,20.000000763287254,-0.9999804691401563,-0.006249876541038859,-1.9530859843075454e-05,-1.95308598442967e-05,0.006249876541038856,-0.9999804691401563,79.99999923671277,1.0,0.0,138.0
C:\Users\User\PycharmProjects\mirrornet\Mirrors\parabolic.pt,40.0,0.5,60.0,0.0,0.0,-1.0,1.0,0.0,0.0,0.0,1.0,0.0,139.0,0.0,8.56070013766086e-08,20.000003052827925,-0.999921881129787,-0.012499021374114492,-7.811887021258457e-05,-7.811887021347275e-05,0.012499021374114487,-0.999921881129787,79.9999969471721,1.0,0.0,139.0
C:\Users\User\PycharmProjects\mirrornet\Mirrors\parabolic.pt,40.0,0.75,60.0,0.0,0.0,-1.0,1.0,0.0,0.0,0.0,1.0,0.0,140.0,0.0,8.988739619297803e-08,19.99998779465416,-0.9998242496857374,-0.018746702434817616,-0.0001757503142622019,-0.00017575031426309007,0.018746702434817606,-0.9998242496857374,80.00001220534585,1.0,0.0,140.0
C:\Users\User\PycharmProjects\mirrornet\Mirrors\parabolic.pt,40.0,1.0,60.0,0.0,0.0,-1.0,1.0,0.0,0.0,0.0,1.0,0.0,141.0,0.0,6.848557820848811e-08,20.00001220874341,-0.9996875976685189,-0.024992188230108396,-0.0003124023314807767,-0.0003124023314814428,0.02499218823010839,-0.9996875976685189,79.99998779125661,1.0,0.0,141.0
C:\Users\User\PycharmProjects\mirrornet\Mirrors\parabolic.pt,40.0,1.25,60.0,0.0,0.0,-1.0,1.0,0.0,0.0,0.0,1.0,0.0,142.0,0.0,2.1401760808004155e-08,20.000019074155155,-0.9995119570689246,-0.031234748123621,-0.00048804293107507224,-0.0004880429310757384,0.031234748123620988,-0.9995119570689246,79.99998092584487,1.0,0.0,142.0
C:\Users\User\PycharmProjects\mirrornet\Mirrors\parabolic.pt,40.0,1.5,60.0,0.0,0.0,-1.0,1.0,0.0,0.0,0.0,1.0,0.0,143.0,0.0,-5.136426950436146e-08,20.000008390407846,-0.9992973689893094,-0.03747365262030359,-0.0007026310106902356,-0.0007026310106909017,0.03747365262030358,-0.9992973689893094,79.99999160959217,1.0,0.0,143.0
C:\Users\User\PycharmProjects\mirrornet\Mirrors\parabolic.pt,40.0,1.75,60.0,0.0,0.0,-1.0,1.0,0.0,0.0,0.0,1.0,0.0,144.0,0.0,-1.498123349819025e-07,19.99998015701993,-0.9990438836195541,-0.043708173650082914,-0.0009561163804457928,-0.0009561163804461259,0.04370817365008291,-0.9990438836195541,80.00001984298007,1.0,0.0,144.0
C:\Users\User\PycharmProjects\mirrornet\Mirrors\parabolic.pt,40.25,-2.0,60.0,0.0,0.0,-1.0,1.0,0.0,0.0,0.0,1.0,0.0,145.0,0.0,2.7670748936614586e-07,20.00000767127394,-0.9987399434495422,0.049626836354233705,-0.0074634088643240615,0.004982066706740396,-0.049937004012411065,-0.9987399434495422,79.99999238402502,1.0,0.0,145.0
C:\Users\User\PycharmProjects\mirrornet\Mirrors\parabolic.pt,40.25,-1.75,60.0,0.0,0.0,-1.0,1.0,0.0,0.0,0.0,1.0,0.0,146.0,0.0,1.522316641633381e-07,19.999996234341168,-0.9990304439013828,0.043436110035068,-0.007174712762716862,0.005274382786001119,-0.04370758566236258,-0.9990304439013828,80.00000382095777,1.0,0.0,146.0
C:\Users\User\PycharmProjects\mirrornet\Mirrors\parabolic.pt,40.25,-1.5,60.0,0.0,0.0,-1.0,1.0,0.0,0.0,0.0,1.0,0.0,147.0,0.0,5.3437908764664144e-08,20.000024467743117,-0.9992823476526955,0.03724033726406465,-0.006924373630631475,0.005527860935409024,-0.0374730893201595,-0.9992823476526955,79.99997558755584,1.0,0.0,147.0
C:\Users\User\PycharmProjects\mirrornet\Mirrors\parabolic.pt,40.25,-1.25,60.0,0.0,0.0,-1.0,1.0,0.0,0.0,0.0,1.0,0.0,148.0,0.0,-1.9673597861924463e-08,19.999977931043325,-0.9994955961910653,0.031040235418016333,-0.00671244961705153,0.0057424422768468375,-0.03123423684619842,-0.9994955961910653,80.00002212425565,1.0,0.0,148.0
C:\Users\User\PycharmProjects\mirrornet\Mirrors\parabolic.pt,40.25,-1.0,60.0,0.0,0.0,-1.0,1.0,0.0,0.0,0.0,1.0,0.0,149.0,0.0,-6.710317601577032e-08,19.9999710656413,-0.9996701399501784,0.024836523549543778,-0.006538989980426124,0.005918076934211536,-0.024991751787177986,-0.9996701399501784,80.00002898965766,1.0,0.0,149.0
C:\Users\User\PycharmProjects\mirrornet\Mirrors\parabolic.pt,40.25,-0.75,60.0,0.0,0.0,-1.0,1.0,0.0,0.0,0.0,1.0,0.0,150.0,0.0,-8.885047009243863e-08,20.000003872018596,-0.9998059383386015,0.01862992210983164,-0.006404035060067481,0.006054724062373618,-0.018746359097101737,-0.9998059383386015,79.99999618328036,1.0,0.0,150.0
C:\Users\User\PycharmProjects\mirrornet\Mirrors\parabolic.pt,40.25,-0.5,60.0,0.0,0.0,-1.0,1.0,0.0,0.0,0.0,1.0,0.0,151.0,0.0,-8.491583586289764e-08,20.000019130197757,-0.9999029597633731,0.01242115267016375,-0.006307616252707926,0.006152351870914785,-0.012498784857073031,-0.9999029597633731,79.9999809251012,1.0,0.0,151.0
C:\Users\User\PycharmProjects\mirrornet\Mirrors\parabolic.pt,40.25,-0.25,60.0,0.0,0.0,-1.0,1.0,0.0,0.0,0.0,1.0,0.0,152.0,0.0,-5.52989533053605e-08,20.00001684066032,-0.9999611816483739,0.0062109376426158205,-0.0062497559942420455,0.006210937642616043,-0.006249755994242046,-0.9999611816483739,79.99998321463863,1.0,0.0,152.0
C:\Users\User\PycharmProjects\mirrornet\Mirrors\parabolic.pt,40.25,0.0,60.0,0.0,0.0,-1.0,1.0,0.0,0.0,0.0,1.0,0.0,153.0,0.0,5.973713293291159e-18,19.99999700388784,-0.9999805904474635,1.4841235642705975e-19,-0.0062304677466727965,0.0062304677466729075,-1.4933993344827035e-19,-0.9999805904474635,80.00000305141111,1.0,0.0,153.0
C:\Users\User\PycharmProjects\mirrornet\Mirrors\parabolic.pt,40.25,0.25,60.0,0.0,0.0,-1.0,1.0,0.0,0.0,0.0,1.0,0.0,154.0,0.0,5.52989533053605e-08,20.00001684066032,-0.9999611816483739,-0.0062109376426158205,-0.0062497559942420455,0.006210937642616043,0.006249755994242046,-0.9999611816483739,79.99998321463863,1.0,0.0,154.0
C:\Users\User\PycharmProjects\mirrornet\Mirrors\parabolic.pt,40.25,0.5,60.0,0.0,0.0,-1.0,1.0,0.0,0.0,0.0,1.0,0.0,155.0,0.0,8.491583586289764e-08,20.000019130197757,-0.9999029597633731,-0.01242115267016375,-0.006307616252707926,0.006152351870914785,0.012498784857073031,-0.9999029597633731,79.9999809251012,1.0,0.0,155.0
C:\Users\User\PycharmProjects\mirrornet\Mirrors\parabolic.pt,40.25,0.75,60.0,0.0,0.0,-1.0,1.0,0.0,0.0,0.0,1.0,0.0,156.0,0.0,8.885047009243863e-08,20.000003872018596,-0.9998059383386015,-0.01862992210983164,-0.006404035060067481,0.006054724062373618,0.018746359097101737,-0.9998059383386015,79.99999618328036,1.0,0.0,156.0
C:\Users\User\PycharmProjects\mirrornet\Mirrors\parabolic.pt,40.25,1.0,60.0,0.0,0.0,-1.0,1.0,0.0,0.0,0.0,1.0,0.0,157.0,0.0,6.710317601577032e-08,19.9999710656413,-0.9996701399501784,-0.024836523549543778,-0.006538989980426124,0.005918076934211536,0.024991751787177986,-0.9996701399501784,80.00002898965766,1.0,0.0,157.0
C:\Users\User\PycharmProjects\mirrornet\Mirrors\parabolic.pt,40.25,1.25,60.0,0.0,0.0,-1.0,1.0,0.0,0.0,0.0,1.0,0.0,158.0,0.0,1.9673597861924463e-08,19.999977931043325,-0.9994955961910653,-0.031040235418016333,-0.00671244961705153,0.0057424422768468375,0.03123423684619842,-0.9994955961910653,80.00002212425565,1.0,0.0,158.0
C:\Users\User\PycharmProjects\mirrornet\Mirrors\parabolic.pt,40.25,1.5,60.0,0.0,0.0,-1.0,1.0,0.0,0.0,0.0,1.0,0.0,159.0,0.0,-5.3437908764664144e-08,20.000024467743117,-0.9992823476526955,-0.03724033726406465,-0.006924373630631475,0.005527860935409024,0.0374730893201595,-0.9992823476526955,79.99997558755584,1.0,0.0,159.0
C:\Users\User\PycharmProjects\mirrornet\Mirrors\parabolic.pt,40.25,1.75,60.0,0.0,0.0,-1.0,1.0,0.0,0.0,0.0,1.0,0.0,160.0,0.0,-1.522316641633381e-07,19.999996234341168,-0.9990304439013828,-0.043436110035068,-0.007174712762716862,0.005274382786001119,0.04370758566236258,-0.9990304439013828,80.00000382095777,1.0,0.0,160.0
C:\Users\User\PycharmProjects\mirrornet\Mirrors\parabolic.pt,40.5,-2.0,60.0,0.0,0.0,-1.0,1.0,0.0,0.0,0.0,1.0,0.0,161.0,0.0,2.781700496612416e-07,20.00000617532649,-0.9986899896685486,0.04931803104056151,-0.013639514291817867,0.011173612402032296,-0.049934506323019226,-0.9986899896685486,79.99999390922372,1.0,0.0,161.0
C:\Users\User\PycharmProjects\mirrornet\Mirrors\parabolic.pt,40.5,-1.75,60.0,0.0,0.0,-1.0,1.0,0.0,0.0,0.0,1.0,0.0,162.0,0.0,1.5351140425501342e-07,19.999994738402297,-0.9989786675057422,0.04316574867875721,-0.01335440037793767,0.011465898711572997,-0.04370532044485934,-0.9989786675057422,80.0000053461479,1.0,0.0,162.0
C:\Users\User\PycharmProjects\mirrornet\Mirrors\parabolic.pt,40.5,-1.5,60.0,0.0,0.0,-1.0,1.0,0.0,0.0,0.0,1.0,0.0,163.0,0.0,5.453490059537103e-08,20.000022971811664,-0.9992289899541366,0.037008482454915025,-0.013107168329618335,0.011719350190036781,-0.03747108840639678,-0.9992289899541366,79.99997711273853,1.0,0.0,163.0
C:\Users\User\PycharmProjects\mirrornet\Mirrors\parabolic.pt,40.5,-1.25,60.0,0.0,0.0,-1.0,1.0,0.0,0.0,0.0,1.0,0.0,164.0,0.0,-1.875956789909594e-08,19.99997643511814,-0.9994408992300464,0.03084694087132046,-0.012897875217166344,0.011933908331442256,-0.031232527566194074,-0.9994408992300464,80.00002364943205,1.0,0.0,164.0
C:\Users\User\PycharmProjects\mirrornet\Mirrors\parabolic.pt,40.5,-1.0,60.0,0.0,0.0,-1.0,1.0,0.0,0.0,0.0,1.0,0.0,165.0,0.0,-6.637182436985967e-08,19.999969569721234,-0.9996143463848365,0.024681834075027376,-0.012726569384913344,0.012109523575296377,-0.024990356948141754,-0.9996143463848365,80.00003051482892,1.0,0.0,165.0
C:\Users\User\PycharmProjects\mirrornet\Mirrors\parabolic.pt,40.5,-0.75,60.0,0.0,0.0,-1.0,1.0,0.0,0.0,0.0,1.0,0.0,166.0,0.0,-8.830208064747325e-08,20.000002376102515,-0.999749291333166,0.018513873585677333,-0.012593290423318804,0.012246155335191578,-0.01874529696587536,-0.999749291333166,79.99999770844764,1.0,0.0,166.0
C:\Users\User\PycharmProjects\mirrornet\Mirrors\parabolic.pt,40.5,-0.5,60.0,0.0,0.0,-1.0,1.0,0.0,0.0,0.0,1.0,0.0,167.0,0.0,-8.455012412422747e-08,20.000017634284543,-0.99984570287614,0.012343772022246709,-0.012498069146106183,0.012343772022246569,-0.012498069146106953,-0.99984570287614,79.9999824502656,1.0,0.0,167.0
C:\Users\User\PycharmProjects\mirrornet\Mirrors\parabolic.pt,40.5,-0.25,60.0,0.0,0.0,-1.0,1.0,0.0,0.0,0.0,1.0,0.0,168.0,0.0,-5.51161329631622e-08,20.00001534474881,-0.9999035587193391,0.006172242828864624,-0.01244092757245574,0.01240235106336196,-0.0062493958510157505,-0.9999035587193391,79.99998473980133,1.0,0.0,168.0
C:\Users\User\PycharmProjects\mirrornet\Mirrors\parabolic.pt,40.5,0.0,60.0,0.0,0.0,-1.0,1.0,0.0,0.0,0.0,1.0,0.0,169.0,0.0,-1.1488098174479304e-17,19.99999550797689,-0.9999228454857101,-2.836348596504824e-19,-0.01242187891427149,0.0124218789142716,2.871802947890852e-19,-0.9999228454857101,80.00000457657325,1.0,0.0,169.0
C:\Users\User\PycharmProjects\mirrornet\Mirrors\parabolic.pt,40.5,0.25,60.0,0.0,0.0,-1.0,1.0,0.0,0.0,0.0,1.0,0.0,170.0,0.0,5.5116133074184503e-08,20.00001534474881,-0.9999035587193391,-0.0061722428288646216,-0.01244092757245574,0.01240235106336196,0.006249395851015749,-0.9999035587193391,79.99998473980133,1.0,0.0,170.0
C:\Users\User\PycharmProjects\mirrornet\Mirrors\parabolic.pt,40.5,0.5,60.0,0.0,0.0,-1.0,1.0,0.0,0.0,0.0,1.0,0.0,171.0,0.0,8.455012429076092e-08,20.000017634284543,-0.99984570287614,-0.012343772022246704,-0.012498069146106183,0.012343772022246569,0.012498069146106948,-0.99984570287614,79.9999824502656,1.0,0.0,171.0
C:\Users\User\PycharmProjects\mirrornet\Mirrors\parabolic.pt,40.5,0.75,60.0,0.0,0.0,-1.0,1.0,0.0,0.0,0.0,1.0,0.0,172.0,0.0,8.830208064747325e-08,20.000002376102515,-0.999749291333166,-0.018513873585677333,-0.012593290423318804,0.012246155335191578,0.018745296965875357,-0.999749291333166,79.99999770844764,1.0,0.0,172.0
C:\Users\User\PycharmProjects\mirrornet\Mirrors\parabolic.pt,40.5,1.0,60.0,0.0,0.0,-1.0,1.0,0.0,0.0,0.0,1.0,0.0,173.0,0.0,6.637182436985967e-08,19.999969569721234,-0.9996143463848365,-0.024681834075027376,-0.012726569384913344,0.012109523575296377,0.024990356948141754,-0.9996143463848365,80.00003051482892,1.0,0.0,173.0
C:\Users\User\PycharmProjects\mirrornet\Mirrors\parabolic.pt,40.5,1.25,60.0,0.0,0.0,-1.0,1.0,0.0,0.0,0.0,1.0,0.0,174.0,0.0,1.875956789909594e-08,19.99997643511814,-0.9994408992300464,-0.03084694087132046,-0.012897875217166344,0.011933908331442256,0.031232527566194074,-0.9994408992300464,80.00002364943205,1.0,0.0,174.0
C:\Users\User\PycharmProjects\mirrornet\Mirrors\parabolic.pt,40.5,1.5,60.0,0.0,0.0,-1.0,1.0,0.0,0.0,0.0,1.0,0.0,175.0,0.0,-5.453490059537103e-08,20.000022971811664,-0.9992289899541366,-0.037008482454915025,-0.013107168329618335,0.011719350190036781,0.03747108840639678,-0.9992289899541366,79.99997711273853,1.0,0.0,175.0
C:\Users\User\PycharmProjects\mirrornet\Mirrors\parabolic.pt,40.5,1.75,60.0,0.0,0.0,-1.0,1.0,0.0,0.0,0.0,1.0,0.0,176.0,0.0,-1.5351140447705802e-07,19.999994738402297,-0.9989786675057422,-0.043165748678757214,-0.01335440037793767,0.011465898711572997,0.04370532044485934,-0.9989786675057422,80.0000053461479,1.0,0.0,176.0
C:\Users\User\PycharmProjects\mirrornet\Mirrors\parabolic.pt,40.75,-2.0,60.0,0.0,0.0,-1.0,1.0,0.0,0.0,0.0,1.0,0.0,177.0,0.0,2.7835418325850014e-07,19.999987106124713,-0.9986024158000817,0.04901116833289137,-0.01977676760459124,0.01732620885229097,-0.04993012762899602,-0.9986024158000817,80.00001298210825,1.0,0.0,177.0
C:\Users\User\PycharmProjects\mirrornet\Mirrors\parabolic.pt,40.75,-1.75,60.0,0.0,0.0,-1.0,1.0,0.0,0.0,0.0,1.0,0.0,178.0,0.0,1.536725233730607e-07,19.999975669201614,-0.9988892717769147,0.04289708905794934,-0.019495191184992544,0.017618443378044413,-0.043701409381388265,-0.9988892717769147,80.00002441903135,1.0,0.0,178.0
C:\Users\User\PycharmProjects\mirrornet\Mirrors\parabolic.pt,40.75,-1.5,60.0,0.0,0.0,-1.0,1.0,0.0,0.0,0.0,1.0,0.0,179.0,0.0,5.4672932847665834e-08,20.0000039026119,-0.9991380135924318,0.036778087730416034,-0.019251027439161406,0.01787184910204398,-0.03746767679271423,-0.9991380135924318,79.99999618562106,1.0,0.0,179.0
C:\Users\User\PycharmProjects\mirrornet\Mirrors\parabolic.pt,40.75,-1.25,60.0,0.0,0.0,-1.0,1.0,0.0,0.0,0.0,1.0,0.0,180.0,0.0,-1.8644480404006458e-08,20.00001458637817,-0.9993485841847042,0.030654864088307855,-0.019044332378805984,0.018086367892447885,-0.031229642721076527,-0.9993485841847042,79.99998550185478,1.0,0.0,180.0
C:\Users\User\PycharmProjects\mirrornet\Mirrors\parabolic.pt,40.75,-1.0,60.0,0.0,0.0,-1.0,1.0,0.0,0.0,0.0,1.0,0.0,181.0,0.0,-6.627975235318218e-08,20.00000772098197,-0.9995209352168563,0.02452811948389831,-0.018875153451166526,0.018261950506065272,-0.024988021669102214,-0.9995209352168563,79.99999236725102,1.0,0.0,181.0
C:\Users\User\PycharmProjects\mirrornet\Mirrors\parabolic.pt,40.75,-0.75,60.0,0.0,0.0,-1.0,1.0,0.0,0.0,0.0,1.0,0.0,182.0,0.0,-8.823302544147538e-08,19.9999833069048,-0.9996550271047839,0.018398556616588967,-0.018743529511805468,0.0183985566165894,-0.018743529511805062,-0.9996550271047839,80.00001678132821,1.0,0.0,182.0
C:\Users\User\PycharmProjects\mirrornet\Mirrors\parabolic.pt,40.75,-0.5,60.0,0.0,0.0,-1.0,1.0,0.0,0.0,0.0,1.0,0.0,183.0,0.0,-8.450415811545042e-08,19.999998565087186,-0.9997508290398764,0.012266879264707634,-0.018649490802304713,0.01849615483774958,-0.012496883223354962,-0.9997508290398764,80.00000152314584,1.0,0.0,183.0
C:\Users\User\PycharmProjects\mirrornet\Mirrors\parabolic.pt,40.75,-0.25,60.0,0.0,0.0,-1.0,1.0,0.0,0.0,0.0,1.0,0.0,184.0,0.0,-5.509311401530326e-08,19.9999962755517,-0.9998083190067071,0.0061337920164201976,-0.01859305893289831,0.018554722741328744,-0.006248800602944312,-0.9998083190067071,80.00000381268133,1.0,0.0,184.0
C:\Users\User\PycharmProjects\mirrornet\Mirrors\parabolic.pt,40.75,0.0,60.0,0.0,0.0,-1.0,1.0,0.0,0.0,0.0,1.0,0.0,185.0,0.0,-3.881377785312203e-17,19.999976438779857,-0.9998274837956846,-9.52321026932311e-19,-0.0185742468700566,0.018574246870056488,9.701770440472503e-19,-0.9998274837956846,80.00002364945317,1.0,0.0,185.0
C:\Users\User\PycharmProjects\mirrornet\Mirrors\parabolic.pt,40.75,0.25,60.0,0.0,0.0,-1.0,1.0,0.0,0.0,0.0,1.0,0.0,186.0,0.0,5.509311393203653e-08,19.9999962755517,-0.9998083190067071,-0.006133792016420199,-0.01859305893289831,0.018554722741328744,0.006248800602944313,-0.9998083190067071,80.00000381268133,1.0,0.0,186.0
C:\Users\User\PycharmProjects\mirrornet\Mirrors\parabolic.pt,40.75,0.5,60.0,0.0,0.0,-1.0,1.0,0.0,0.0,0.0,1.0,0.0,187.0,0.0,8.450415811545042e-08,19.999998565087186,-0.9997508290398764,-0.012266879264707634,-0.018649490802304713,0.01849615483774958,0.012496883223354962,-0.9997508290398764,80.00000152314584,1.0,0.0,187.0
C:\Users\User\PycharmProjects\mirrornet\Mirrors\parabolic.pt,40.75,0.75,60.0,0.0,0.0,-1.0,1.0,0.0,0.0,0.0,1.0,0.0,188.0,0.0,8.823302544147538e-08,19.9999833069048,-0.9996550271047839,-0.018398556616588967,-0.018743529511805468,0.0183985566165894,0.018743529511805062,-0.9996550271047839,80.00001678132821,1.0,0.0,188.0
C:\Users\User\PycharmProjects\mirrornet\Mirrors\parabolic.pt,40.75,1.0,60.0,0.0,0.0,-1.0,1.0,0.0,0.0,0.0,1.0,0.0,189.0,0.0,6.627975235318218e-08,20.00000772098197,-0.9995209352168563,-0.02452811948389831,-0.018875153451166526,0.018261950506065272,0.024988021669102214,-0.9995209352168563,79.99999236725102,1.0,0.0,189.0
C:\Users\User\PycharmProjects\mirrornet\Mirrors\parabolic.pt,40.75,1.25,60.0,0.0,0.0,-1.0,1.0,0.0,0.0,0.0,1.0,0.0,190.0,0.0,1.8644480404006458e-08,20.00001458637817,-0.9993485841847042,-0.030654864088307855,-0.019044332378805984,0.018086367892447885,0.031229642721076527,-0.9993485841847042,79.99998550185478,1.0,0.0,190.0
C:\Users\User\PycharmProjects\mirrornet\Mirrors\parabolic.pt,40.75,1.5,60.0,0.0,0.0,-1.0,1.0,0.0,0.0,0.0,1.0,0.0,191.0,0.0,-5.4672932847665834e-08,20.0000039026119,-0.9991380135924318,-0.036778087730416034,-0.019251027439161406,0.01787184910204398,0.03746767679271423,-0.9991380135924318,79.99999618562106,1.0,0.0,191.0
C:\Users\User\PycharmProjects\mirrornet\Mirrors\parabolic.pt,40.75,1.75,60.0,0.0,0.0,-1.0,1.0,0.0,0.0,0.0,1.0,0.0,192.0,0.0,-1.536725233730607e-07,19.999975669201614,-0.9988892717769147,-0.04289708905794934,-0.019495191184992544,0.017618443378044413,0.043701409381388265,-0.9988892717769147,80.00002441903135,1.0,0.0,192.0
C:\Users\User\PycharmProjects\mirrornet\Mirrors\parabolic.pt,41.0,-2.0,60.0,0.0,0.0,-1.0,1.0,0.0,0.0,0.0,1.0,0.0,193.0,0.0,2.772832892183885e-07,20.00000768412034,-0.9984779296908133,0.04870624722543588,-0.02587518891838969,0.02343987622355037,-0.049923903322679895,-0.9984779296908133,79.99999238269486,1.0,0.0,193.0
C:\Users\User\PycharmProjects\mirrornet\Mirrors\parabolic.pt,41.0,-1.75,60.0,0.0,0.0,-1.0,1.0,0.0,0.0,0.0,1.0,0.0,194.0,0.0,1.5273556375206e-07,19.999996247190946,-0.9987629649576796,0.04263013027372107,-0.02559710573073859,0.023732037371600345,-0.04369588345757538,-0.9987629649576796,80.00000381962425,1.0,0.0,194.0
C:\Users\User\PycharmProjects\mirrornet\Mirrors\parabolic.pt,41.0,-1.5,60.0,0.0,0.0,-1.0,1.0,0.0,0.0,0.0,1.0,0.0,195.0,0.0,5.386990764577604e-08,20.00002448059581,-0.9990101271537264,0.03654915230602861,-0.025355971880534067,0.023985378622125353,-0.03746288105110209,-0.9990101271537264,79.99997558621939,1.0,0.0,195.0
C:\Users\User\PycharmProjects\mirrornet\Mirrors\parabolic.pt,41.0,-1.25,60.0,0.0,0.0,-1.0,1.0,0.0,0.0,0.0,1.0,0.0,196.0,0.0,-1.9313714405555515e-08,19.99997794389849,-0.9992193599317759,0.030464004405270306,-0.025151842340632613,0.024199842219267742,-0.03122560446324345,-0.9992193599317759,80.0000221229167,1.0,0.0,196.0
C:\Users\User\PycharmProjects\mirrornet\Mirrors\parabolic.pt,41.0,-1.0,60.0,0.0,0.0,-1.0,1.0,0.0,0.0,0.0,1.0,0.0,197.0,0.0,-6.681512476625073e-08,19.999971078498486,-0.9993906155607668,0.024375379238691663,-0.02498476367792335,0.024375379238690265,-0.024984763677924914,-0.9993906155607668,80.0000289883167,1.0,0.0,197.0
C:\Users\User\PycharmProjects\mirrornet\Mirrors\parabolic.pt,41.0,-0.75,60.0,0.0,0.0,-1.0,1.0,0.0,0.0,0.0,1.0,0.0,198.0,0.0,-8.863453659913034e-08,20.000003884877366,-0.9995238549529574,0.01828397079566791,-0.024854774026788373,0.024511949615457107,-0.0187410700342549,-0.9995238549529574,79.99999618193783,1.0,0.0,198.0
C:\Users\User\PycharmProjects\mirrornet\Mirrors\parabolic.pt,41.0,-0.5,60.0,0.0,0.0,-1.0,1.0,0.0,0.0,0.0,1.0,0.0,199.0,0.0,-8.477173674137362e-08,20.000019143057656,-0.9996190476862191,0.012190474124479678,-0.024761903067353486,0.024609522166887388,-0.012495235956719879,-0.9996190476862191,79.99998092375755,1.0,0.0,199.0
C:\Users\User\PycharmProjects\mirrornet\Mirrors\parabolic.pt,41.0,-0.25,60.0,0.0,0.0,-1.0,1.0,0.0,0.0,0.0,1.0,0.0,200.0,0.0,-5.522690324499813e-08,20.0000168535209,-0.9996761720214004,0.006095585068203191,-0.024706172008546967,0.024668074610350255,-0.0062479746844717795,-0.9996761720214004,79.9999832132943,1.0,0.0,200.0
C:\Users\User\PycharmProjects\mirrornet\Mirrors\parabolic.pt,41.0,0.0,60.0,0.0,0.0,-1.0,1.0,0.0,0.0,0.0,1.0,0.0,201.0,0.0,-7.242506974051603e-17,19.999997016748644,-0.9996952149147393,-1.765926723401467e-18,-0.024687593575990152,0.024687593575990263,1.810074888462991e-18,-0.9996952149147393,80.00000305006655,1.0,0.0,201.0
C:\Users\User\PycharmProjects\mirrornet\Mirrors\parabolic.pt,41.0,0.25,60.0,0.0,0.0,-1.0,1.0,0.0,0.0,0.0,1.0,0.0,202.0,0.0,5.5226903189486976e-08,20.0000168535209,-0.9996761720214004,-0.006095585068203193,-0.024706172008546967,0.024668074610350255,0.00624797468447178,-0.9996761720214004,79.9999832132943,1.0,0.0,202.0
C:\Users\User\PycharmProjects\mirrornet\Mirrors\parabolic.pt,41.0,0.5,60.0,0.0,0.0,-1.0,1.0,0.0,0.0,0.0,1.0,0.0,203.0,0.0,8.477173674137362e-08,20.000019143057656,-0.9996190476862191,-0.012190474124479678,-0.024761903067353486,0.024609522166887388,0.012495235956719879,-0.9996190476862191,79.99998092375755,1.0,0.0,203.0
C:\Users\User\PycharmProjects\mirrornet\Mirrors\parabolic.pt,41.0,0.75,60.0,0.0,0.0,-1.0,1.0,0.0,0.0,0.0,1.0,0.0,204.0,0.0,8.863453659913034e-08,20.000003884877366,-0.9995238549529574,-0.01828397079566791,-0.024854774026788373,0.024511949615457107,0.0187410700342549,-0.9995238549529574,79.99999618193783,1.0,0.0,204.0
C:\Users\User\PycharmProjects\mirrornet\Mirrors\parabolic.pt,41.0,1.0,60.0,0.0,0.0,-1.0,1.0,0.0,0.0,0.0,1.0,0.0,205.0,0.0,6.681512476625073e-08,19.999971078498486,-0.9993906155607668,-0.024375379238691663,-0.02498476367792335,0.024375379238690265,0.024984763677924914,-0.9993906155607668,80.0000289883167,1.0,0.0,205.0
C:\Users\User\PycharmProjects\mirrornet\Mirrors\parabolic.pt,41.0,1.25,60.0,0.0,0.0,-1.0,1.0,0.0,0.0,0.0,1.0,0.0,206.0,0.0,1.9313714405555515e-08,19.99997794389849,-0.9992193599317759,-0.030464004405270306,-0.025151842340632613,0.024199842219267742,0.03122560446324345,-0.9992193599317759,80.0000221229167,1.0,0.0,206.0
C:\Users\User\PycharmProjects\mirrornet\Mirrors\parabolic.pt,41.0,1.5,60.0,0.0,0.0,-1.0,1.0,0.0,0.0,0.0,1.0,0.0,207.0,0.0,-5.386990764577604e-08,20.00002448059581,-0.9990101271537264,-0.03654915230602861,-0.025355971880534067,0.023985378622125353,0.03746288105110209,-0.9990101271537264,79.99997558621939,1.0,0.0,207.0
C:\Users\User\PycharmProjects\mirrornet\Mirrors\parabolic.pt,41.0,1.75,60.0,0.0,0.0,-1.0,1.0,0.0,0.0,0.0,1.0,0.0,208.0,0.0,-1.5273556375206e-07,19.999996247190946,-0.9987629649576796,-0.04263013027372107,-0.02559710573073859,0.023732037371600345,0.04369588345757538,-0.9987629649576796,80.00000381962425,1.0,0.0,208.0
C:\Users\User\PycharmProjects\mirrornet\Mirrors\parabolic.pt,41.25,-2.0,60.0,0.0,0.0,-1.0,1.0,0.0,0.0,0.0,1.0,0.0,209.0,0.0,2.749801808477059e-07,20.000010688841094,-0.9983172301103387,0.04840326629668193,-0.03193480666347204,0.029514643017144904,-0.04991586834255545,-0.9983172301103387,79.99998933191205,1.0,0.0,209.0
C:\Users\User\PycharmProjects\mirrornet\Mirrors\parabolic.pt,41.25,-1.75,60.0,0.0,0.0,-1.0,1.0,0.0,0.0,0.0,1.0,0.0,210.0,0.0,1.5072031001039932e-07,19.999999251898217,-0.9986004462011344,0.042364871063305554,-0.03166017287831557,0.02980670961062648,-0.04368877326136686,-0.9986004462011344,80.00000076885493,1.0,0.0,210.0
C:\Users\User\PycharmProjects\mirrornet\Mirrors\parabolic.pt,41.25,-1.5,60.0,0.0,0.0,-1.0,1.0,0.0,0.0,0.0,1.0,0.0,211.0,0.0,5.2142508755181893e-08,20.00002748529139,-0.9988460301235474,0.03632167508527658,-0.031422030892821806,0.030059968030483608,-0.03745672741225785,-0.9988460301235474,79.99997253546178,1.0,0.0,211.0
C:\Users\User\PycharmProjects\mirrornet\Mirrors\parabolic.pt,41.25,-1.25,60.0,0.0,0.0,-1.0,1.0,0.0,0.0,0.0,1.0,0.0,212.0,0.0,-2.07530810314438e-08,19.999980948584174,-0.9990539262381192,0.030274360898526104,-0.031220434660404917,0.03027436089852409,-0.031220434660406974,-0.9990539262381192,80.00001907216898,1.0,0.0,212.0
C:\Users\User\PycharmProjects\mirrornet\Mirrors\parabolic.pt,41.25,-1.0,60.0,0.0,0.0,-1.0,1.0,0.0,0.0,0.0,1.0,0.0,213.0,0.0,-6.79666732894546e-08,19.9999740831761,-0.9992240874136369,0.024223612593932114,-0.031055429884059293,0.030449839610685148,-0.02498060047453182,-0.9992240874136369,80.00002593757708,1.0,0.0,213.0
C:\Users\User\PycharmProjects\mirrornet\Mirrors\parabolic.pt,41.25,-0.75,60.0,0.0,0.0,-1.0,1.0,0.0,0.0,0.0,1.0,0.0,214.0,0.0,-8.949812579928107e-08,20.00000688954868,-0.9993564750538251,0.018170115559996057,-0.030927053990476572,0.030586364364558305,-0.018737931661524137,-0.9993564750538251,79.99999313120452,1.0,0.0,214.0
C:\Users\User\PycharmProjects\mirrornet\Mirrors\parabolic.pt,41.25,-0.5,60.0,0.0,0.0,-1.0,1.0,0.0,0.0,0.0,1.0,0.0,215.0,0.0,-8.53475808360038e-08,20.000022147724483,-0.9994510591192248,0.012114556224457753,-0.030835336108829048,0.03068390418195066,-0.012493136099990244,-0.9994510591192248,79.99997787302871,1.0,0.0,215.0
C:\Users\User\PycharmProjects\mirrornet\Mirrors\parabolic.pt,41.25,-0.25,60.0,0.0,0.0,-1.0,1.0,0.0,0.0,0.0,1.0,0.0,216.0,0.0,-5.551482476495728e-08,20.00001985818505,-0.9995078181442302,0.0060576217951165134,-0.03078029705424934,0.03074243692645684,-0.0062469224729728105,-0.9995078181442302,79.99998016256818,1.0,0.0,216.0
C:\Users\User\PycharmProjects\mirrornet\Mirrors\parabolic.pt,41.25,0.0,60.0,0.0,0.0,-1.0,1.0,0.0,0.0,0.0,1.0,0.0,217.0,0.0,-1.0874371781535834e-16,20.000000021411893,-0.9995267392492702,-2.63496372562007e-18,-0.030761949316019166,0.030761949316019166,2.7173063406358758e-18,-0.9995267392492702,79.99999999934133,1.0,0.0,217.0
C:\Users\User\PycharmProjects\mirrornet\Mirrors\parabolic.pt,41.25,0.25,60.0,0.0,0.0,-1.0,1.0,0.0,0.0,0.0,1.0,0.0,218.0,0.0,5.5514824626179404e-08,20.00001985818505,-0.9995078181442302,-0.006057621795116517,-0.03078029705424934,0.03074243692645684,0.006246922472972814,-0.9995078181442302,79.99998016256818,1.0,0.0,218.0
C:\Users\User\PycharmProjects\mirrornet\Mirrors\parabolic.pt,41.25,0.5,60.0,0.0,0.0,-1.0,1.0,0.0,0.0,0.0,1.0,0.0,219.0,0.0,8.534758066947035e-08,20.000022147724483,-0.9994510591192248,-0.012114556224457758,-0.030835336108829048,0.03068390418195066,0.012493136099990249,-0.9994510591192248,79.99997787302871,1.0,0.0,219.0
C:\Users\User\PycharmProjects\mirrornet\Mirrors\parabolic.pt,41.25,0.75,60.0,0.0,0.0,-1.0,1.0,0.0,0.0,0.0,1.0,0.0,220.0,0.0,8.949812579928107e-08,20.00000688954868,-0.9993564750538251,-0.018170115559996057,-0.030927053990476572,0.030586364364558305,0.018737931661524137,-0.9993564750538251,79.99999313120452,1.0,0.0,220.0
C:\Users\User\PycharmProjects\mirrornet\Mirrors\parabolic.pt,41.25,1.0,60.0,0.0,0.0,-1.0,1.0,0.0,0.0,0.0,1.0,0.0,221.0,0.0,6.79666732894546e-08,19.9999740831761,-0.9992240874136369,-0.024223612593932114,-0.031055429884059293,0.030449839610685148,0.02498060047453182,-0.9992240874136369,80.00002593757708,1.0,0.0,221.0
C:\Users\User\PycharmProjects\mirrornet\Mirrors\parabolic.pt,41.25,1.25,60.0,0.0,0.0,-1.0,1.0,0.0,0.0,0.0,1.0,0.0,222.0,0.0,2.07530810314438e-08,19.999980948584174,-0.9990539262381192,-0.030274360898526104,-0.031220434660404917,0.03027436089852409,0.031220434660406974,-0.9990539262381192,80.00001907216898,1.0,0.0,222.0
C:\Users\User\PycharmProjects\mirrornet\Mirrors\parabolic.pt,41.25,1.5,60.0,0.0,0.0,-1.0,1.0,0.0,0.0,0.0,1.0,0.0,223.0,0.0,-5.2142508755181893e-08,20.00002748529139,-0.9988460301235474,-0.03632167508527658,-0.031422030892821806,0.030059968030483608,0.03745672741225785,-0.9988460301235474,79.99997253546178,1.0,0.0,223.0
C:\Users\User\PycharmProjects\mirrornet\Mirrors\parabolic.pt,41.25,1.75,60.0,0.0,0.0,-1.0,1.0,0.0,0.0,0.0,1.0,0.0,224.0,0.0,-1.5072031001039932e-07,19.999999251898217,-0.9986004462011344,-0.042364871063305554,-0.03166017287831557,0.02980670961062648,0.04368877326136686,-0.9986004462011344,80.00000076885493,1.0,0.0,224.0
C:\Users\User\PycharmProjects\mirrornet\Mirrors\parabolic.pt,41.5,-2.0,60.0,0.0,0.0,-1.0,1.0,0.0,0.0,0.0,1.0,0.0,225.0,0.0,2.7146713277304e-07,19.9999961202685,-0.9981210067674431,0.0481022237226972,-0.03795565731847972,0.03555054580291417,-0.04990605717406664,-0.9981210067674431,80.00000383022385,1.0,0.0,225.0
C:\Users\User\PycharmProjects\mirrornet\Mirrors\parabolic.pt,41.5,-1.75,60.0,0.0,0.0,-1.0,1.0,0.0,0.0,0.0,1.0,0.0,226.0,0.0,1.4764635958286476e-07,19.999984683305005,-0.9984024055872079,0.042101309811761314,-0.03768442954072915,0.035842497078782065,-0.04368010898376487,-0.9984024055872079,80.00001526718732,1.0,0.0,226.0
C:\Users\User\PycharmProjects\mirrornet\Mirrors\parabolic.pt,41.5,-1.5,60.0,0.0,0.0,-1.0,1.0,0.0,0.0,0.0,1.0,0.0,227.0,0.0,4.9507655086600266e-08,20.000012916680326,-0.9986464129035325,0.03609565466978171,-0.03744924176624975,0.03609565466978237,-0.03744924176624915,-0.9986464129035325,79.99998703381199,1.0,0.0,227.0
C:\Users\User\PycharmProjects\mirrornet\Mirrors\parabolic.pt,41.5,-1.25,60.0,0.0,0.0,-1.0,1.0,0.0,0.0,0.0,1.0,0.0,228.0,0.0,-2.29488741343431e-08,20.000023600416995,-0.9988529737776245,0.03008593239275854,-0.037250146948094365,0.036309961576918015,-0.0312141548961205,-0.9988529737776245,79.99997635007531,1.0,0.0,228.0
C:\Users\User\PycharmProjects\mirrornet\Mirrors\parabolic.pt,41.5,-1.0,60.0,0.0,0.0,-1.0,1.0,0.0,0.0,0.0,1.0,0.0,229.0,0.0,-6.972326438425824e-08,20.00001673499653,-0.9990220416721324,0.024072818602820588,-0.03708718994154192,0.03648536951768744,-0.024975549331338408,-0.9990220416721324,79.99998321549577,1.0,0.0,229.0
C:\Users\User\PycharmProjects\mirrornet\Mirrors\parabolic.pt,41.5,-0.75,60.0,0.0,0.0,-1.0,1.0,0.0,0.0,0.0,1.0,0.0,230.0,0.0,-9.081565743862541e-08,19.999992320900493,-0.9991535784773389,0.018056990195643736,-0.036960407478849544,0.036621838953258434,-0.01873412735116747,-0.9991535784773389,80.00000762959179,1.0,0.0,230.0
C:\Users\User\PycharmProjects\mirrornet\Mirrors\parabolic.pt,41.5,-0.5,60.0,0.0,0.0,-1.0,1.0,0.0,0.0,0.0,1.0,0.0,231.0,0.0,-8.622591091134169e-08,20.00000757906943,-0.9992475545326284,0.012039125086874302,-0.03686982814856199,0.03671933911074188,-0.012490592293091605,-0.9992475545326284,79.99999237142286,1.0,0.0,231.0
C:\Users\User\PycharmProjects\mirrornet\Mirrors\parabolic.pt,41.5,-0.25,60.0,0.0,0.0,-1.0,1.0,0.0,0.0,0.0,1.0,0.0,232.0,0.0,-5.5953989552826044e-08,20.000005289525852,-0.9993039486432049,0.006019901957729121,-0.03681547237939908,0.03677784800053785,-0.006245648288874158,-0.9993039486432049,79.99999466096644,1.0,0.0,232.0
C:\Users\User\PycharmProjects\mirrornet\Mirrors\parabolic.pt,41.5,0.0,60.0,0.0,0.0,-1.0,1.0,0.0,0.0,0.0,1.0,0.0,233.0,0.0,-1.4419146605988459e-16,19.999985452751314,-0.9993227480920445,-3.472140050949027e-18,-0.036797352428733054,0.036797352428733054,3.602345307318213e-18,-0.9993227480920445,80.00001449774095,1.0,0.0,233.0
C:\Users\User\PycharmProjects\mirrornet\Mirrors\parabolic.pt,41.5,0.25,60.0,0.0,0.0,-1.0,1.0,0.0,0.0,0.0,1.0,0.0,234.0,0.0,5.5953989303025864e-08,20.000005289525852,-0.9993039486432049,-0.006019901957729127,-0.03681547237939908,0.03677784800053785,0.0062456482888741645,-0.9993039486432049,79.99999466096644,1.0,0.0,234.0
C:\Users\User\PycharmProjects\mirrornet\Mirrors\parabolic.pt,41.5,0.5,60.0,0.0,0.0,-1.0,1.0,0.0,0.0,0.0,1.0,0.0,235.0,0.0,8.622591068929708e-08,20.00000757906943,-0.9992475545326284,-0.012039125086874308,-0.03686982814856199,0.03671933911074188,0.01249059229309161,-0.9992475545326284,79.99999237142286,1.0,0.0,235.0
C:\Users\User\PycharmProjects\mirrornet\Mirrors\parabolic.pt,41.5,0.75,60.0,0.0,0.0,-1.0,1.0,0.0,0.0,0.0,1.0,0.0,236.0,0.0,9.08156573276031e-08,19.999992320900493,-0.9991535784773389,-0.01805699019564374,-0.036960407478849544,0.036621838953258434,0.018734127351167473,-0.9991535784773389,80.00000762959179,1.0,0.0,236.0
C:\Users\User\PycharmProjects\mirrornet\Mirrors\parabolic.pt,41.5,1.0,60.0,0.0,0.0,-1.0,1.0,0.0,0.0,0.0,1.0,0.0,237.0,0.0,6.972326427323594e-08,20.00001673499653,-0.9990220416721324,-0.02407281860282059,-0.03708718994154192,0.03648536951768744,0.024975549331338415,-0.9990220416721324,79.99998321549577,1.0,0.0,237.0
C:\Users\User\PycharmProjects\mirrornet\Mirrors\parabolic.pt,41.5,1.25,60.0,0.0,0.0,-1.0,1.0,0.0,0.0,0.0,1.0,0.0,238.0,0.0,2.29488741343431e-08,20.000023600416995,-0.9988529737776245,-0.03008593239275854,-0.037250146948094365,0.036309961576918015,0.0312141548961205,-0.9988529737776245,79.99997635007531,1.0,0.0,238.0
C:\Users\User\PycharmProjects\mirrornet\Mirrors\parabolic.pt,41.5,1.5,60.0,0.0,0.0,-1.0,1.0,0.0,0.0,0.0,1.0,0.0,239.0,0.0,-4.9507655086600266e-08,20.000012916680326,-0.9986464129035325,-0.03609565466978171,-0.03744924176624975,0.03609565466978237,0.03744924176624915,-0.9986464129035325,79.99998703381199,1.0,0.0,239.0
C:\Users\User\PycharmProjects\mirrornet\Mirrors\parabolic.pt,41.5,1.75,60.0,0.0,0.0,-1.0,1.0,0.0,0.0,0.0,1.0,0.0,240.0,0.0,-1.4764635958286476e-07,19.999984683305005,-0.9984024055872079,-0.042101309811761314,-0.03768442954072915,0.035842497078782065,0.04368010898376487,-0.9984024055872079,80.00001526718732,1.0,0.0,240.0
C:\Users\User\PycharmProjects\mirrornet\Mirrors\parabolic.pt,41.75,-2.0,60.0,0.0,0.0,-1.0,1.0,0.0,0.0,0.0,1.0,0.0,241.0,0.0,2.6676586939444746e-07,20.00002119883729,-0.9978899403308408,0.047803117290171476,-0.04393778514961144,0.04154762895772035,-0.04989450385065389,-0.9978899403308408,79.99997865762995,1.0,0.0,241.0
C:\Users\User\PycharmProjects\mirrornet\Mirrors\parabolic.pt,41.75,-1.75,60.0,0.0,0.0,-1.0,1.0,0.0,0.0,0.0,1.0,0.0,242.0,0.0,1.4353275723522074e-07,20.000009761846265,-0.9981695241436502,0.04183944456338711,-0.043669920419737385,0.04183944456338762,-0.04366992041973692,-0.9981695241436502,79.99999009462096,1.0,0.0,242.0
C:\Users\User\PycharmProjects\mirrornet\Mirrors\parabolic.pt,41.75,-1.5,60.0,0.0,0.0,-1.0,1.0,0.0,0.0,0.0,1.0,0.0,243.0,0.0,4.598178393599994e-08,19.999980774738734,-0.9984119568326351,0.03587108936904707,-0.043437649580824966,0.042092483683423554,-0.03744044966329117,-0.9984119568326351,80.00001908172848,1.0,0.0,243.0
C:\Users\User\PycharmProjects\mirrornet\Mirrors\parabolic.pt,41.75,-1.25,60.0,0.0,0.0,-1.0,1.0,0.0,0.0,0.0,1.0,0.0,244.0,0.0,-2.5887157750759116e-08,19.999991458455213,-0.9986171841525988,0.029898717469206897,-0.043241024604319556,0.04230668969940443,-0.031206786470464615,-0.9986171841525988,80.00000839801203,1.0,0.0,244.0
C:\Users\User\PycharmProjects\mirrornet\Mirrors\parabolic.pt,41.75,-1.0,60.0,0.0,0.0,-1.0,1.0,0.0,0.0,0.0,1.0,0.0,245.0,0.0,-7.207388985630558e-08,19.999984593018215,-0.9987851601540516,0.023922996123777726,-0.04308008951368514,0.042482014651550104,-0.024969627293792002,-0.9987851601540516,80.000015263449,1.0,0.0,245.0
C:\Users\User\PycharmProjects\mirrornet\Mirrors\parabolic.pt,41.75,-0.75,60.0,0.0,0.0,-1.0,1.0,0.0,0.0,0.0,1.0,0.0,246.0,0.0,-9.257862487732638e-08,20.00001739936834,-0.9989158472089137,0.01794459384259712,-0.04295488035977535,0.042618419265551655,-0.01872966989041878,-0.9989158472089137,79.99998245709888,1.0,0.0,246.0
C:\Users\User\PycharmProjects\mirrornet\Mirrors\parabolic.pt,41.75,-0.5,60.0,0.0,0.0,-1.0,1.0,0.0,0.0,0.0,1.0,0.0,247.0,0.0,-8.740115076122379e-08,19.999975437069118,-0.9990092160315777,0.011964180136556497,-0.042865425200657614,0.0427158729745567,-0.012487613062340386,-0.9990092160315777,80.00002441939813,1.0,0.0,247.0
C:\Users\User\PycharmProjects\mirrornet\Mirrors\parabolic.pt,41.75,-0.25,60.0,0.0,0.0,-1.0,1.0,0.0,0.0,0.0,1.0,0.0,248.0,0.0,-5.654164478285928e-08,20.00003036797902,-0.999065245695314,0.0059824252679050605,-0.042811744085893166,0.042774353936291254,-0.006244156395781933,-0.999065245695314,79.99996948848822,1.0,0.0,248.0
C:\Users\User\PycharmProjects\mirrornet\Mirrors\parabolic.pt,41.75,0.0,60.0,0.0,0.0,-1.0,1.0,0.0,0.0,0.0,1.0,0.0,249.0,0.0,-1.7519005848177589e-16,20.000010531202655,-0.9990839236439991,-4.192325054165134e-18,-0.042793849045301036,0.04279384904530126,4.375739290986408e-18,-0.9990839236439991,79.99998932526458,1.0,0.0,249.0
C:\Users\User\PycharmProjects\mirrornet\Mirrors\parabolic.pt,41.75,0.25,60.0,0.0,0.0,-1.0,1.0,0.0,0.0,0.0,1.0,0.0,250.0,0.0,5.6541644366525645e-08,20.00003036797902,-0.999065245695314,-0.00598242526790507,-0.042811744085893166,0.042774353936291254,0.006244156395781943,-0.999065245695314,79.99996948848822,1.0,0.0,250.0
C:\Users\User\PycharmProjects\mirrornet\Mirrors\parabolic.pt,41.75,0.5,60.0,0.0,0.0,-1.0,1.0,0.0,0.0,0.0,1.0,0.0,251.0,0.0,8.740115065020149e-08,19.999975437069118,-0.9990092160315777,-0.0119641801365565,-0.042865425200657614,0.0427158729745567,0.01248761306234039,-0.9990092160315777,80.00002441939813,1.0,0.0,251.0
C:\Users\User\PycharmProjects\mirrornet\Mirrors\parabolic.pt,41.75,0.75,60.0,0.0,0.0,-1.0,1.0,0.0,0.0,0.0,1.0,0.0,252.0,0.0,9.257862476630407e-08,20.00001739936834,-0.9989158472089137,-0.017944593842597122,-0.04295488035977535,0.042618419265551655,0.018729669890418785,-0.9989158472089137,79.99998245709888,1.0,0.0,252.0
C:\Users\User\PycharmProjects\mirrornet\Mirrors\parabolic.pt,41.75,1.0,60.0,0.0,0.0,-1.0,1.0,0.0,0.0,0.0,1.0,0.0,253.0,0.0,7.207388963426098e-08,19.999984593018215,-0.9987851601540516,-0.02392299612377773,-0.04308008951368514,0.042482014651550104,0.02496962729379201,-0.9987851601540516,80.000015263449,1.0,0.0,253.0
C:\Users\User\PycharmProjects\mirrornet\Mirrors\parabolic.pt,41.75,1.25,60.0,0.0,0.0,-1.0,1.0,0.0,0.0,0.0,1.0,0.0,254.0,0.0,2.5887157750759116e-08,19.999991458455213,-0.9986171841525988,-0.029898717469206897,-0.043241024604319556,0.04230668969940443,0.031206786470464615,-0.9986171841525988,80.00000839801203,1.0,0.0,254.0
C:\Users\User\PycharmProjects\mirrornet\Mirrors\parabolic.pt,41.75,1.5,60.0,0.0,0.0,-1.0,1.0,0.0,0.0,0.0,1.0,0.0,255.0,0.0,-4.598178393599994e-08,19.999980774738734,-0.9984119568326351,-0.03587108936904707,-0.043437649580824966,0.042092483683423554,0.03744044966329117,-0.9984119568326351,80.00001908172848,1.0,0.0,255.0
C:\Users\User\PycharmProjects\mirrornet\Mirrors\parabolic.pt,41.75,1.75,60.0,0.0,0.0,-1.0,1.0,0.0,0.0,0.0,1.0,0.0,256.0,0.0,-1.4353275656908693e-07,20.000009761846265,-0.9981695241436502,-0.0418394445633871,-0.043669920419737385,0.04183944456338762,0.043669920419736906,-0.9981695241436502,79.99999009462096,1.0,0.0,256.0
